name,clean sheets,goals conceded,tackles,tackle success,last man tackles,blocked shots,interceptions,clearances,headed clearance,clearances off line,recoveries,duels won,duels lost,successful 50/50,aerial battles won,aerial battles lost,own goals,errors leading to goal,assists,passes,passes per match,big chances created,crosses,cross accuracy,through balls,accurate long balls,yellow cards,red cards,fouls,offsides,goals,headed goals,goals with right foot,goals with left foot,hit woodwork
 Nathan Aké,6.0,59.0,53.0,0.6,2.0,2.0,48.0,229.0,136.0,1.0,178.0,186.0,141.0,10.0,105.0,92.0,0.0,0.0,3.0,1589.0,41.82,2.0,5.0,0.2,0.0,86.0,5.0,0.0,27.0,2.0,2.0,0.0,1.0,1.0,1.0
 Lewis Dunk,10.0,54.0,67.0,0.49,1.0,9.0,71.0,223.0,128.0,2.0,252.0,214.0,142.0,10.0,122.0,73.0,4.0,0.0,1.0,1496.0,39.37,1.0,7.0,0.29,3.0,164.0,7.0,0.0,36.0,0.0,1.0,0.0,1.0,0.0,0.0
 Ahmed Hegazi,10.0,55.0,58.0,0.66,0.0,0.0,60.0,270.0,152.0,1.0,183.0,192.0,145.0,22.0,103.0,84.0,0.0,1.0,0.0,1186.0,31.21,0.0,10.0,0.3,1.0,135.0,4.0,0.0,24.0,2.0,2.0,2.0,0.0,0.0,0.0
 Zanka,10.0,58.0,55.0,0.65,0.0,3.0,76.0,241.0,121.0,0.0,166.0,154.0,153.0,3.0,88.0,82.0,0.0,1.0,2.0,1561.0,41.08,1.0,0.0,0.0,2.0,104.0,6.0,0.0,45.0,2.0,0.0,0.0,0.0,0.0,0.0
 Harry Maguire,9.0,60.0,63.0,0.73,1.0,7.0,48.0,176.0,115.0,0.0,269.0,263.0,136.0,51.0,119.0,63.0,0.0,0.0,4.0,1740.0,45.79,5.0,15.0,0.13,2.0,173.0,7.0,0.0,34.0,4.0,2.0,1.0,1.0,0.0,2.0
 Alfie Mawson,9.0,56.0,32.0,0.69,0.0,3.0,35.0,222.0,126.0,1.0,220.0,186.0,117.0,23.0,122.0,74.0,0.0,1.0,1.0,1744.0,45.89,1.0,2.0,0.5,1.0,190.0,3.0,0.0,19.0,1.0,2.0,0.0,2.0,0.0,0.0
 César Azpilicueta,15.0,38.0,80.0,0.74,0.0,3.0,54.0,119.0,65.0,1.0,207.0,179.0,114.0,6.0,81.0,55.0,1.0,0.0,6.0,2760.0,74.59,11.0,80.0,0.19,10.0,124.0,1.0,0.0,25.0,1.0,2.0,1.0,1.0,0.0,0.0
 Shane Duffy,9.0,52.0,31.0,0.61,0.0,5.0,50.0,327.0,237.0,4.0,162.0,254.0,137.0,6.0,198.0,95.0,0.0,1.0,1.0,1358.0,36.7,2.0,3.0,0.67,0.0,135.0,8.0,0.0,33.0,7.0,0.0,0.0,0.0,0.0,1.0
 Christopher Schindler,9.0,53.0,83.0,0.73,2.0,2.0,75.0,265.0,143.0,0.0,156.0,258.0,139.0,2.0,155.0,95.0,0.0,0.0,1.0,1389.0,37.54,3.0,4.0,0.0,0.0,93.0,6.0,1.0,30.0,1.0,0.0,0.0,0.0,0.0,1.0
 Pablo Zabaleta,10.0,62.0,96.0,0.7,0.0,1.0,61.0,124.0,79.0,0.0,182.0,194.0,159.0,7.0,58.0,57.0,1.0,0.0,1.0,1153.0,31.16,0.0,71.0,0.18,1.0,53.0,9.0,0.0,33.0,1.0,0.0,0.0,0.0,0.0,0.0
 Aaron Cresswell,10.0,60.0,34.0,0.62,0.0,6.0,44.0,110.0,67.0,0.0,149.0,111.0,104.0,5.0,57.0,48.0,0.0,0.0,7.0,1299.0,36.08,5.0,196.0,0.18,3.0,98.0,7.0,0.0,20.0,3.0,1.0,0.0,0.0,1.0,2.0
 Martin Olsson,8.0,50.0,34.0,0.76,0.0,5.0,31.0,67.0,27.0,0.0,155.0,116.0,115.0,11.0,47.0,34.0,0.0,0.0,1.0,1144.0,31.78,0.0,163.0,0.14,0.0,46.0,7.0,0.0,27.0,2.0,0.0,0.0,0.0,0.0,0.0
 Jan Vertonghen,15.0,31.0,64.0,0.64,0.0,12.0,60.0,170.0,85.0,0.0,247.0,235.0,111.0,30.0,118.0,66.0,0.0,0.0,0.0,2488.0,69.11,2.0,15.0,0.13,2.0,163.0,4.0,0.0,20.0,1.0,0.0,0.0,0.0,0.0,1.0
 Héctor Bellerín,12.0,44.0,57.0,0.75,0.0,10.0,23.0,71.0,36.0,2.0,175.0,124.0,170.0,25.0,35.0,59.0,0.0,1.0,3.0,1842.0,52.63,8.0,64.0,0.16,7.0,33.0,5.0,0.0,36.0,4.0,2.0,0.0,2.0,0.0,1.0
 Ryan Bertrand,6.0,49.0,48.0,0.73,0.0,7.0,44.0,60.0,28.0,0.0,146.0,141.0,135.0,17.0,44.0,52.0,0.0,0.0,4.0,1480.0,42.29,3.0,136.0,0.18,1.0,40.0,2.0,0.0,32.0,1.0,0.0,0.0,0.0,0.0,2.0
 Charlie Daniels,6.0,50.0,48.0,0.71,0.0,6.0,31.0,93.0,39.0,1.0,214.0,122.0,95.0,13.0,46.0,44.0,0.0,0.0,3.0,1568.0,44.8,4.0,106.0,0.11,2.0,59.0,0.0,0.0,7.0,0.0,1.0,0.0,0.0,1.0,0.0
 Steve Cook,5.0,53.0,37.0,0.51,1.0,4.0,54.0,225.0,122.0,1.0,138.0,189.0,108.0,1.0,137.0,68.0,1.0,3.0,1.0,1321.0,38.85,1.0,6.0,0.0,0.0,104.0,5.0,0.0,22.0,1.0,2.0,2.0,0.0,0.0,1.0
 Kyle Naughton,8.0,50.0,92.0,0.65,1.0,7.0,60.0,102.0,47.0,0.0,198.0,208.0,187.0,24.0,69.0,68.0,1.0,0.0,2.0,1638.0,48.18,0.0,62.0,0.15,0.0,73.0,1.0,0.0,31.0,0.0,0.0,0.0,0.0,0.0,0.0
 Nicolás Otamendi,14.0,25.0,58.0,0.74,0.0,6.0,48.0,122.0,76.0,1.0,190.0,161.0,121.0,5.0,79.0,68.0,1.0,3.0,0.0,3074.0,90.41,1.0,2.0,0.0,3.0,146.0,9.0,0.0,28.0,0.0,4.0,2.0,2.0,0.0,2.0
 DeAndre Yedlin,7.0,37.0,57.0,0.58,2.0,3.0,44.0,93.0,40.0,1.0,156.0,159.0,145.0,29.0,47.0,50.0,1.0,0.0,2.0,1000.0,29.41,3.0,73.0,0.26,2.0,30.0,5.0,0.0,32.0,9.0,0.0,0.0,0.0,0.0,0.0
 Kurt Zouma,6.0,50.0,50.0,0.76,2.0,5.0,61.0,231.0,136.0,1.0,145.0,202.0,79.0,22.0,109.0,31.0,0.0,0.0,0.0,1021.0,30.03,0.0,11.0,0.09,0.0,85.0,1.0,0.0,19.0,1.0,1.0,1.0,0.0,0.0,0.0
 Marcos Alonso,12.0,30.0,51.0,0.65,0.0,19.0,47.0,60.0,28.0,0.0,193.0,158.0,137.0,17.0,61.0,54.0,0.0,1.0,2.0,1347.0,40.82,4.0,96.0,0.19,0.0,39.0,6.0,0.0,26.0,8.0,7.0,2.0,1.0,4.0,0.0
 Kieran Gibbs,7.0,44.0,41.0,0.59,0.0,4.0,48.0,82.0,41.0,1.0,169.0,117.0,104.0,24.0,42.0,39.0,0.0,0.0,1.0,1014.0,30.73,3.0,74.0,0.26,0.0,39.0,3.0,0.0,22.0,1.0,0.0,0.0,0.0,0.0,0.0
 Jamaal Lascelles,9.0,31.0,31.0,0.61,2.0,0.0,28.0,230.0,140.0,1.0,179.0,176.0,88.0,5.0,128.0,60.0,0.0,0.0,0.0,1184.0,35.88,0.0,2.0,0.0,0.0,79.0,5.0,0.0,16.0,0.0,3.0,3.0,0.0,0.0,0.0
 Cédric Soares,7.0,44.0,54.0,0.63,0.0,4.0,24.0,82.0,38.0,0.0,155.0,110.0,115.0,7.0,33.0,62.0,0.0,2.0,3.0,1275.0,39.84,6.0,137.0,0.2,2.0,77.0,3.0,0.0,16.0,3.0,0.0,0.0,0.0,0.0,0.0
 Simon Francis,4.0,47.0,49.0,0.69,0.0,6.0,49.0,176.0,99.0,1.0,159.0,217.0,131.0,11.0,142.0,75.0,0.0,2.0,1.0,1606.0,50.19,1.0,78.0,0.31,1.0,123.0,8.0,1.0,24.0,1.0,0.0,0.0,0.0,0.0,0.0
 Wes Morgan,5.0,52.0,35.0,0.71,0.0,1.0,31.0,143.0,79.0,0.0,99.0,147.0,104.0,9.0,93.0,58.0,0.0,0.0,0.0,913.0,28.53,0.0,0.0,0.0,0.0,45.0,4.0,0.0,31.0,1.0,0.0,0.0,0.0,0.0,0.0
 Angelo Ogbonna,7.0,60.0,30.0,0.8,0.0,3.0,58.0,191.0,103.0,0.0,135.0,135.0,101.0,9.0,80.0,73.0,0.0,0.0,0.0,1013.0,31.66,1.0,2.0,1.0,1.0,90.0,3.0,0.0,15.0,0.0,1.0,1.0,0.0,0.0,0.0
 Kyle Walker,14.0,22.0,47.0,0.66,0.0,3.0,29.0,67.0,40.0,0.0,175.0,161.0,91.0,26.0,70.0,33.0,1.0,0.0,6.0,2362.0,73.81,6.0,56.0,0.09,0.0,87.0,2.0,1.0,17.0,2.0,0.0,0.0,0.0,0.0,0.0
 Erik Pieters,4.0,50.0,71.0,0.66,0.0,0.0,61.0,106.0,48.0,1.0,154.0,159.0,157.0,9.0,53.0,46.0,0.0,1.0,1.0,1000.0,32.26,3.0,64.0,0.2,0.0,53.0,5.0,0.0,58.0,2.0,0.0,0.0,0.0,0.0,0.0
 Davinson Sánchez,13.0,21.0,38.0,0.63,0.0,3.0,38.0,159.0,81.0,0.0,164.0,138.0,111.0,9.0,73.0,62.0,1.0,0.0,0.0,1867.0,60.23,0.0,3.0,0.33,0.0,121.0,1.0,1.0,25.0,0.0,0.0,0.0,0.0,0.0,0.0
 James Tarkowski,11.0,30.0,46.0,0.57,0.0,3.0,50.0,219.0,143.0,0.0,127.0,225.0,113.0,11.0,147.0,62.0,0.0,0.0,0.0,1091.0,35.19,1.0,4.0,0.5,0.0,119.0,5.0,0.0,25.0,3.0,0.0,0.0,0.0,0.0,0.0
 Antonio Valencia,14.0,22.0,57.0,0.56,0.0,9.0,48.0,60.0,25.0,0.0,188.0,128.0,119.0,29.0,22.0,25.0,0.0,0.0,1.0,1602.0,51.68,1.0,79.0,0.18,3.0,75.0,7.0,0.0,38.0,4.0,3.0,0.0,2.0,1.0,0.0
 Federico Fernández,7.0,44.0,40.0,0.73,0.0,2.0,38.0,198.0,123.0,0.0,129.0,134.0,105.0,1.0,72.0,63.0,1.0,0.0,1.0,1210.0,40.33,1.0,4.0,0.25,0.0,93.0,5.0,0.0,29.0,2.0,1.0,1.0,0.0,0.0,0.0
 Michael Keane,7.0,46.0,33.0,0.76,0.0,2.0,53.0,206.0,146.0,0.0,138.0,178.0,133.0,7.0,129.0,87.0,0.0,0.0,1.0,1157.0,38.57,2.0,4.0,0.25,0.0,96.0,3.0,0.0,21.0,4.0,0.0,0.0,0.0,0.0,0.0
 Ashley Young,7.0,26.0,53.0,0.6,0.0,10.0,57.0,72.0,36.0,1.0,168.0,136.0,120.0,29.0,19.0,21.0,0.0,0.0,4.0,1285.0,42.83,5.0,121.0,0.28,2.0,95.0,7.0,0.0,29.0,1.0,2.0,0.0,2.0,0.0,1.0
 Ben Davies,12.0,20.0,47.0,0.7,0.0,4.0,28.0,62.0,33.0,0.0,110.0,132.0,118.0,15.0,45.0,50.0,0.0,0.0,6.0,1304.0,44.97,5.0,149.0,0.23,0.0,47.0,3.0,0.0,24.0,0.0,2.0,0.0,1.0,1.0,0.0
 Dejan Lovren,10.0,24.0,26.0,0.65,0.0,4.0,38.0,142.0,86.0,0.0,107.0,136.0,85.0,0.0,104.0,60.0,0.0,1.0,1.0,1803.0,62.17,1.0,4.0,0.5,0.0,91.0,4.0,0.0,15.0,1.0,2.0,2.0,0.0,0.0,0.0
 Ben Mee,9.0,27.0,33.0,0.61,2.0,4.0,33.0,208.0,138.0,2.0,153.0,178.0,108.0,3.0,117.0,78.0,0.0,1.0,0.0,1071.0,36.93,0.0,3.0,0.0,0.0,113.0,5.0,0.0,14.0,3.0,0.0,0.0,0.0,0.0,0.0
 Allan Nyom,7.0,40.0,64.0,0.61,0.0,1.0,27.0,83.0,47.0,0.0,147.0,115.0,90.0,10.0,22.0,19.0,0.0,0.0,1.0,753.0,25.97,2.0,88.0,0.26,0.0,37.0,7.0,0.0,20.0,0.0,0.0,0.0,0.0,0.0,0.0
 Chris Smalling,11.0,24.0,40.0,0.63,0.0,3.0,63.0,159.0,89.0,0.0,139.0,165.0,84.0,3.0,108.0,52.0,0.0,0.0,0.0,1137.0,39.21,0.0,0.0,0.0,0.0,44.0,4.0,0.0,24.0,2.0,4.0,2.0,1.0,1.0,0.0
 Craig Dawson,7.0,39.0,38.0,0.74,0.0,5.0,52.0,132.0,81.0,0.0,133.0,183.0,132.0,8.0,117.0,68.0,0.0,0.0,0.0,906.0,32.36,1.0,42.0,0.33,0.0,61.0,6.0,0.0,35.0,4.0,2.0,2.0,0.0,0.0,0.0
 Jonny Evans,4.0,38.0,29.0,0.76,0.0,3.0,48.0,126.0,67.0,1.0,142.0,120.0,84.0,10.0,54.0,34.0,1.0,0.0,2.0,961.0,34.32,1.0,4.0,0.5,0.0,80.0,7.0,0.0,26.0,0.0,2.0,2.0,0.0,0.0,0.0
 Wesley Hoedt,5.0,42.0,60.0,0.85,1.0,3.0,40.0,172.0,82.0,0.0,200.0,161.0,104.0,25.0,61.0,53.0,0.0,2.0,1.0,1323.0,47.25,1.0,6.0,0.17,1.0,142.0,7.0,0.0,22.0,0.0,0.0,0.0,0.0,0.0,2.0
 José Holebas,5.0,47.0,51.0,0.61,0.0,7.0,29.0,81.0,43.0,0.0,160.0,136.0,142.0,23.0,45.0,35.0,0.0,1.0,4.0,958.0,34.21,6.0,210.0,0.21,0.0,55.0,7.0,0.0,37.0,1.0,0.0,0.0,0.0,0.0,0.0
 Christian Kabasele,6.0,43.0,42.0,0.6,1.0,0.0,34.0,173.0,99.0,2.0,98.0,164.0,93.0,3.0,103.0,46.0,1.0,0.0,0.0,903.0,32.25,0.0,1.0,0.0,0.0,64.0,5.0,0.0,31.0,0.0,2.0,2.0,0.0,0.0,0.0
 Adrian Mariappa,6.0,43.0,45.0,0.58,1.0,2.0,45.0,129.0,79.0,1.0,111.0,149.0,130.0,2.0,90.0,75.0,0.0,2.0,0.0,961.0,34.32,0.0,4.0,0.0,0.0,54.0,4.0,0.0,32.0,0.0,0.0,0.0,0.0,0.0,0.0
 Nacho Monreal,10.0,29.0,54.0,0.59,1.0,5.0,56.0,74.0,41.0,1.0,155.0,139.0,119.0,6.0,62.0,63.0,0.0,1.0,2.0,1719.0,61.39,4.0,31.0,0.19,0.0,45.0,3.0,0.0,19.0,2.0,5.0,1.0,1.0,3.0,1.0
 Danny Simpson,5.0,41.0,38.0,0.58,0.0,0.0,34.0,94.0,53.0,0.0,130.0,97.0,106.0,10.0,40.0,46.0,0.0,1.0,0.0,904.0,32.29,0.0,23.0,0.3,2.0,51.0,4.0,0.0,21.0,0.0,0.0,0.0,0.0,0.0,0.0
 James Tomkins,8.0,32.0,47.0,0.55,1.0,2.0,63.0,213.0,108.0,1.0,124.0,182.0,103.0,6.0,116.0,66.0,0.0,1.0,0.0,888.0,31.71,0.0,1.0,0.0,0.0,75.0,8.0,0.0,20.0,1.0,3.0,1.0,1.0,1.0,2.0
 Patrick van Aanholt,5.0,38.0,47.0,0.66,0.0,9.0,47.0,56.0,24.0,0.0,162.0,89.0,63.0,26.0,6.0,5.0,0.0,0.0,1.0,882.0,31.5,3.0,56.0,0.23,3.0,39.0,7.0,0.0,18.0,3.0,5.0,0.0,2.0,3.0,0.0
 Stephen Ward,9.0,27.0,39.0,0.79,0.0,1.0,42.0,102.0,47.0,0.0,105.0,127.0,70.0,5.0,59.0,28.0,0.0,0.0,1.0,923.0,32.96,2.0,82.0,0.18,0.0,69.0,1.0,0.0,11.0,3.0,1.0,0.0,0.0,1.0,0.0
 Gary Cahill,9.0,24.0,29.0,0.72,0.0,2.0,27.0,123.0,79.0,0.0,103.0,141.0,61.0,4.0,93.0,31.0,0.0,1.0,0.0,1330.0,49.26,0.0,0.0,0.0,0.0,47.0,1.0,1.0,17.0,0.0,0.0,0.0,0.0,0.0,0.0
 Andreas Christensen,6.0,23.0,26.0,0.5,0.0,2.0,38.0,104.0,60.0,0.0,139.0,98.0,40.0,5.0,56.0,29.0,0.0,1.0,0.0,1349.0,49.96,0.0,0.0,0.0,1.0,62.0,0.0,0.0,8.0,1.0,0.0,0.0,0.0,0.0,2.0
 Sead Kolasinac,9.0,30.0,49.0,0.76,0.0,7.0,26.0,53.0,27.0,0.0,134.0,118.0,107.0,12.0,47.0,32.0,0.0,0.0,4.0,1268.0,46.96,6.0,42.0,0.14,0.0,25.0,3.0,0.0,32.0,1.0,2.0,0.0,0.0,2.0,1.0
 Arthur Masuaku,4.0,29.0,58.0,0.64,0.0,3.0,26.0,33.0,11.0,0.0,143.0,194.0,165.0,83.0,23.0,20.0,0.0,0.0,3.0,683.0,25.3,3.0,100.0,0.14,1.0,28.0,5.0,0.0,30.0,2.0,0.0,0.0,0.0,0.0,0.0
 Shkodran Mustafi,9.0,30.0,64.0,0.72,1.0,3.0,57.0,171.0,112.0,0.0,158.0,198.0,129.0,1.0,122.0,74.0,0.0,2.0,1.0,1734.0,64.22,3.0,12.0,0.25,5.0,73.0,6.0,0.0,26.0,2.0,3.0,2.0,1.0,0.0,0.0
 Antonio Rüdiger,12.0,22.0,31.0,0.68,0.0,5.0,24.0,101.0,52.0,1.0,175.0,111.0,99.0,8.0,59.0,39.0,0.0,0.0,1.0,1709.0,63.3,1.0,10.0,0.0,3.0,102.0,4.0,0.0,26.0,2.0,2.0,2.0,0.0,0.0,0.0
 Ryan Shawcross,5.0,40.0,36.0,0.56,3.0,2.0,40.0,215.0,135.0,0.0,80.0,207.0,113.0,3.0,154.0,79.0,1.0,1.0,1.0,665.0,24.63,0.0,0.0,0.0,0.0,57.0,2.0,0.0,26.0,4.0,1.0,1.0,0.0,0.0,1.0
 Adam Smith,2.0,38.0,49.0,0.71,0.0,1.0,31.0,56.0,23.0,0.0,105.0,130.0,110.0,29.0,15.0,28.0,0.0,0.0,3.0,912.0,33.78,1.0,35.0,0.29,1.0,31.0,6.0,0.0,23.0,1.0,1.0,0.0,1.0,0.0,0.0
 Matthew Lowton,8.0,26.0,55.0,0.62,0.0,1.0,39.0,112.0,55.0,1.0,111.0,115.0,95.0,11.0,34.0,29.0,0.0,0.0,3.0,823.0,31.65,3.0,71.0,0.21,1.0,72.0,1.0,0.0,19.0,1.0,0.0,0.0,0.0,0.0,0.0
 Declan Rice,3.0,29.0,36.0,0.67,0.0,2.0,27.0,70.0,33.0,3.0,72.0,71.0,53.0,2.0,31.0,35.0,0.0,1.0,0.0,573.0,22.04,0.0,5.0,0.0,1.0,43.0,1.0,0.0,5.0,0.0,0.0,0.0,0.0,0.0,0.0
 Virgil van Dijk,8.0,28.0,25.0,0.6,0.0,5.0,47.0,157.0,96.0,0.0,140.0,188.0,72.0,5.0,139.0,51.0,0.0,0.0,0.0,1770.0,68.08,4.0,1.0,0.0,3.0,106.0,1.0,0.0,14.0,0.0,0.0,0.0,0.0,0.0,0.0
 Gaëtan Bong,6.0,36.0,39.0,0.82,0.0,0.0,40.0,71.0,37.0,0.0,140.0,97.0,79.0,16.0,30.0,28.0,1.0,1.0,0.0,772.0,30.88,0.0,53.0,0.11,0.0,38.0,2.0,0.0,16.0,0.0,0.0,0.0,0.0,0.0,0.0
 Christian Fuchs,4.0,35.0,41.0,0.66,0.0,4.0,58.0,70.0,35.0,0.0,132.0,115.0,91.0,9.0,61.0,37.0,1.0,0.0,1.0,896.0,35.84,0.0,71.0,0.14,1.0,56.0,1.0,0.0,12.0,0.0,0.0,0.0,0.0,0.0,0.0
 Phil Jagielka,6.0,39.0,33.0,0.7,0.0,2.0,39.0,177.0,89.0,2.0,123.0,114.0,67.0,1.0,67.0,42.0,0.0,0.0,0.0,966.0,38.64,0.0,4.0,0.0,0.0,110.0,2.0,0.0,8.0,0.0,0.0,0.0,0.0,0.0,0.0
 Laurent Koscielny,8.0,32.0,43.0,0.49,0.0,2.0,54.0,134.0,79.0,0.0,160.0,148.0,92.0,2.0,80.0,61.0,0.0,1.0,0.0,1745.0,69.8,0.0,5.0,0.2,2.0,111.0,4.0,0.0,14.0,2.0,2.0,1.0,1.0,0.0,1.0
 Joel Matip,9.0,27.0,35.0,0.69,0.0,2.0,35.0,96.0,58.0,1.0,123.0,104.0,58.0,3.0,57.0,21.0,0.0,1.0,0.0,1655.0,66.2,1.0,0.0,0.0,1.0,91.0,3.0,0.0,19.0,1.0,1.0,0.0,1.0,0.0,1.0
 Bruno,8.0,23.0,30.0,0.57,0.0,0.0,38.0,60.0,31.0,0.0,116.0,81.0,61.0,15.0,28.0,22.0,0.0,0.0,0.0,973.0,38.92,0.0,41.0,0.17,0.0,62.0,3.0,0.0,19.0,0.0,0.0,0.0,0.0,0.0,0.0
 Ben Chilwell,4.0,30.0,36.0,0.72,0.0,2.0,28.0,62.0,33.0,0.0,129.0,156.0,129.0,31.0,67.0,61.0,0.0,1.0,2.0,901.0,37.54,4.0,84.0,0.2,0.0,27.0,1.0,1.0,13.0,4.0,0.0,0.0,0.0,0.0,0.0
 Florian Lejeune,5.0,32.0,33.0,0.61,1.0,4.0,46.0,146.0,81.0,1.0,128.0,141.0,89.0,12.0,83.0,51.0,0.0,0.0,2.0,1071.0,44.63,2.0,4.0,0.0,2.0,108.0,3.0,0.0,17.0,2.0,0.0,0.0,0.0,0.0,0.0
 Jeffrey Schlupp,3.0,30.0,57.0,0.63,0.0,3.0,24.0,54.0,29.0,0.0,113.0,116.0,127.0,13.0,39.0,51.0,0.0,0.0,1.0,654.0,27.25,2.0,31.0,0.1,0.0,27.0,3.0,0.0,18.0,0.0,0.0,0.0,0.0,0.0,0.0
 Tommy Smith,5.0,31.0,38.0,0.71,1.0,2.0,26.0,72.0,34.0,1.0,109.0,83.0,60.0,9.0,18.0,15.0,0.0,1.0,1.0,792.0,33.0,2.0,64.0,0.19,1.0,43.0,7.0,0.0,20.0,3.0,0.0,0.0,0.0,0.0,0.0
 Kieran Trippier,7.0,21.0,52.0,0.58,0.0,1.0,20.0,45.0,23.0,0.0,147.0,120.0,81.0,13.0,36.0,29.0,0.0,0.0,5.0,1266.0,52.75,7.0,122.0,0.19,5.0,74.0,1.0,0.0,18.0,3.0,0.0,0.0,0.0,0.0,0.0
 Mike van der Hoorn,5.0,27.0,32.0,0.69,1.0,3.0,39.0,123.0,67.0,0.0,96.0,114.0,82.0,9.0,57.0,45.0,0.0,0.0,0.0,858.0,35.75,2.0,8.0,0.38,0.0,74.0,4.0,0.0,22.0,0.0,1.0,1.0,0.0,0.0,0.0
 Ashley Williams,4.0,31.0,23.0,0.57,0.0,2.0,36.0,170.0,95.0,1.0,96.0,81.0,73.0,2.0,52.0,42.0,0.0,1.0,0.0,732.0,30.5,0.0,1.0,0.0,0.0,53.0,3.0,1.0,25.0,3.0,1.0,1.0,0.0,0.0,0.0
 Maya Yoshida,6.0,31.0,27.0,0.74,1.0,4.0,41.0,130.0,83.0,0.0,142.0,109.0,73.0,2.0,67.0,39.0,0.0,0.0,0.0,1062.0,44.25,1.0,2.0,0.5,0.0,62.0,2.0,1.0,19.0,0.0,2.0,1.0,1.0,0.0,1.0
 Danilo,7.0,11.0,43.0,0.67,0.0,2.0,19.0,28.0,11.0,0.0,65.0,77.0,42.0,8.0,16.0,6.0,0.0,0.0,2.0,1111.0,48.3,0.0,24.0,0.13,2.0,33.0,2.0,0.0,12.0,0.0,3.0,0.0,2.0,1.0,1.0
 Kiko Femenía,3.0,34.0,36.0,0.78,0.0,2.0,34.0,30.0,14.0,0.0,108.0,92.0,53.0,25.0,10.0,16.0,0.0,0.0,1.0,794.0,34.52,3.0,60.0,0.25,1.0,28.0,2.0,0.0,7.0,2.0,1.0,0.0,1.0,0.0,0.0
 Joseph Gomez,9.0,21.0,58.0,0.78,1.0,2.0,34.0,48.0,26.0,0.0,144.0,124.0,80.0,23.0,33.0,31.0,0.0,0.0,2.0,1337.0,58.13,2.0,45.0,0.22,0.0,49.0,3.0,0.0,15.0,1.0,0.0,0.0,0.0,0.0,0.0
 Florent Hadergjonaj,4.0,28.0,21.0,0.76,0.0,4.0,17.0,38.0,16.0,0.0,94.0,61.0,74.0,16.0,15.0,22.0,0.0,0.0,1.0,618.0,26.87,1.0,98.0,0.22,2.0,44.0,3.0,0.0,17.0,4.0,0.0,0.0,0.0,0.0,0.0
 Daryl Janmaat,2.0,37.0,46.0,0.67,0.0,5.0,33.0,53.0,26.0,0.0,114.0,86.0,82.0,10.0,27.0,17.0,0.0,0.0,0.0,768.0,33.39,2.0,68.0,0.24,0.0,54.0,3.0,0.0,14.0,1.0,3.0,1.0,1.0,1.0,1.0
 Phil Jones,15.0,11.0,25.0,0.72,0.0,0.0,41.0,129.0,80.0,1.0,134.0,109.0,46.0,7.0,57.0,22.0,1.0,0.0,0.0,1083.0,47.09,0.0,2.0,0.0,0.0,53.0,2.0,0.0,10.0,0.0,0.0,0.0,0.0,0.0,1.0
 Chris Löwe,5.0,26.0,43.0,0.67,0.0,2.0,34.0,55.0,20.0,1.0,74.0,68.0,60.0,5.0,12.0,12.0,0.0,1.0,0.0,619.0,26.91,0.0,73.0,0.15,0.0,39.0,1.0,0.0,13.0,0.0,0.0,0.0,0.0,0.0,0.0
 Leighton Baines,5.0,34.0,25.0,0.52,0.0,1.0,25.0,47.0,15.0,0.0,87.0,64.0,48.0,8.0,14.0,20.0,0.0,0.0,3.0,754.0,34.27,4.0,75.0,0.28,0.0,28.0,1.0,0.0,7.0,1.0,2.0,0.0,0.0,2.0,0.0
 Scott Malone,2.0,23.0,39.0,0.74,0.0,2.0,26.0,38.0,13.0,0.0,89.0,76.0,65.0,15.0,14.0,13.0,0.0,2.0,1.0,493.0,22.41,0.0,46.0,0.07,0.0,41.0,3.0,0.0,19.0,0.0,0.0,0.0,0.0,0.0,0.0
 Andrew Robertson,9.0,18.0,31.0,0.55,1.0,3.0,26.0,49.0,16.0,0.0,140.0,59.0,58.0,9.0,15.0,10.0,0.0,0.0,5.0,1421.0,64.59,8.0,88.0,0.13,3.0,41.0,2.0,0.0,15.0,5.0,1.0,0.0,0.0,1.0,0.0
 Jack Stephens,5.0,33.0,29.0,0.69,2.0,3.0,41.0,105.0,54.0,0.0,138.0,102.0,71.0,17.0,45.0,34.0,0.0,0.0,0.0,928.0,42.18,0.0,9.0,0.22,1.0,46.0,6.0,1.0,13.0,2.0,2.0,1.0,0.0,1.0,0.0
 Davide Zappacosta,3.0,15.0,26.0,0.42,0.0,9.0,6.0,20.0,13.0,0.0,67.0,64.0,68.0,14.0,14.0,6.0,0.0,0.0,1.0,445.0,20.23,2.0,84.0,0.2,0.0,6.0,0.0,0.0,7.0,5.0,1.0,0.0,0.0,1.0,1.0
 Timothy Fosu-Mensah,2.0,29.0,42.0,0.79,1.0,2.0,31.0,66.0,33.0,0.0,97.0,85.0,66.0,11.0,19.0,22.0,0.0,0.0,0.0,612.0,29.14,0.0,17.0,0.24,0.0,32.0,2.0,0.0,18.0,0.0,0.0,0.0,0.0,0.0,0.0
 Javier Manquillo,4.0,31.0,36.0,0.61,0.0,0.0,18.0,49.0,23.0,0.0,70.0,82.0,81.0,12.0,22.0,19.0,0.0,0.0,1.0,540.0,25.71,3.0,30.0,0.2,0.0,24.0,2.0,0.0,24.0,2.0,0.0,0.0,0.0,0.0,0.0
 Cuco Martina,5.0,30.0,61.0,0.57,0.0,0.0,42.0,117.0,49.0,1.0,117.0,94.0,91.0,2.0,23.0,35.0,0.0,0.0,2.0,780.0,37.14,2.0,45.0,0.33,1.0,44.0,1.0,0.0,26.0,2.0,0.0,0.0,0.0,0.0,0.0
 Sebastian Prödl,5.0,29.0,22.0,0.77,0.0,1.0,31.0,89.0,36.0,0.0,76.0,73.0,56.0,0.0,45.0,28.0,0.0,0.0,0.0,568.0,27.05,1.0,1.0,0.0,0.0,54.0,5.0,0.0,21.0,2.0,0.0,0.0,0.0,0.0,0.0
 Geoff Cameron,2.0,31.0,34.0,0.62,1.0,1.0,36.0,61.0,23.0,0.0,89.0,94.0,82.0,14.0,39.0,32.0,0.0,0.0,0.0,506.0,25.3,0.0,9.0,0.0,0.0,28.0,2.0,0.0,16.0,0.0,0.0,0.0,0.0,0.0,0.0
 Ciaran Clark,4.0,30.0,25.0,0.68,0.0,2.0,17.0,140.0,65.0,3.0,95.0,80.0,67.0,4.0,41.0,37.0,0.0,0.0,1.0,699.0,34.95,2.0,2.0,0.0,1.0,61.0,3.0,0.0,17.0,0.0,2.0,2.0,0.0,0.0,0.0
 Paul Dummett,5.0,18.0,28.0,0.71,0.0,1.0,23.0,92.0,56.0,0.0,73.0,93.0,57.0,0.0,55.0,35.0,0.0,1.0,0.0,599.0,29.95,0.0,22.0,0.14,1.0,39.0,1.0,0.0,8.0,0.0,0.0,0.0,0.0,0.0,0.0
 Ezequiel Schelotto,0.0,30.0,20.0,0.65,0.0,1.0,19.0,51.0,30.0,0.0,74.0,73.0,62.0,15.0,27.0,19.0,0.0,0.0,0.0,455.0,22.75,1.0,33.0,0.15,1.0,32.0,3.0,0.0,8.0,0.0,0.0,0.0,0.0,0.0,0.0
 Trent Alexander-Arnold,6.0,18.0,37.0,0.68,0.0,1.0,28.0,39.0,11.0,0.0,133.0,63.0,69.0,20.0,5.0,17.0,0.0,0.0,1.0,1007.0,53.0,3.0,102.0,0.17,3.0,75.0,3.0,0.0,12.0,3.0,1.0,0.0,1.0,0.0,0.0
 Jonjoe Kenny,5.0,31.0,41.0,0.8,0.0,1.0,28.0,73.0,41.0,0.0,85.0,89.0,75.0,6.0,38.0,31.0,0.0,0.0,1.0,587.0,30.89,2.0,46.0,0.26,0.0,49.0,2.0,0.0,17.0,0.0,0.0,0.0,0.0,0.0,0.0
 Ragnar Klavan,8.0,15.0,14.0,0.71,0.0,0.0,15.0,82.0,38.0,0.0,96.0,67.0,55.0,4.0,39.0,40.0,0.0,0.0,0.0,1198.0,63.05,0.0,1.0,0.0,1.0,52.0,0.0,0.0,7.0,0.0,1.0,1.0,0.0,0.0,0.0
 Mamadou Sakho,6.0,23.0,21.0,0.67,1.0,1.0,30.0,99.0,61.0,0.0,140.0,75.0,51.0,6.0,41.0,35.0,0.0,1.0,2.0,739.0,38.89,2.0,0.0,0.0,1.0,28.0,1.0,0.0,3.0,0.0,1.0,0.0,1.0,0.0,1.0
 Joel Ward,4.0,25.0,35.0,0.86,1.0,1.0,28.0,61.0,40.0,1.0,100.0,105.0,78.0,8.0,33.0,25.0,1.0,0.0,1.0,681.0,35.84,1.0,46.0,0.22,0.0,40.0,4.0,0.0,25.0,1.0,0.0,0.0,0.0,0.0,0.0
 John Stones,6.0,11.0,15.0,0.73,0.0,1.0,19.0,41.0,21.0,0.0,67.0,54.0,28.0,4.0,33.0,11.0,0.0,0.0,0.0,1246.0,69.22,0.0,1.0,0.0,0.0,61.0,0.0,0.0,6.0,0.0,0.0,0.0,0.0,0.0,1.0
 Serge Aurier,6.0,12.0,48.0,0.56,1.0,3.0,31.0,48.0,33.0,0.0,89.0,127.0,91.0,15.0,48.0,29.0,0.0,0.0,2.0,776.0,45.65,5.0,68.0,0.09,1.0,26.0,1.0,1.0,21.0,2.0,2.0,1.0,1.0,0.0,0.0
 Scott Dann,1.0,26.0,10.0,0.5,0.0,3.0,23.0,97.0,60.0,0.0,72.0,68.0,57.0,7.0,49.0,33.0,0.0,1.0,0.0,566.0,33.29,1.0,2.0,0.0,1.0,47.0,4.0,0.0,12.0,2.0,1.0,0.0,0.0,1.0,0.0
 Vincent Kompany,6.0,12.0,20.0,0.55,1.0,2.0,16.0,71.0,39.0,0.0,91.0,66.0,38.0,3.0,42.0,12.0,0.0,0.0,1.0,1429.0,84.06,1.0,0.0,0.0,1.0,84.0,6.0,0.0,18.0,0.0,1.0,1.0,0.0,0.0,0.0
 Victor Lindelöf,5.0,14.0,17.0,0.65,0.0,1.0,13.0,64.0,36.0,0.0,94.0,51.0,41.0,4.0,22.0,25.0,0.0,1.0,0.0,751.0,44.18,1.0,1.0,0.0,0.0,30.0,1.0,0.0,10.0,0.0,0.0,0.0,0.0,0.0,0.0
 Bruno Martins Indi,1.0,27.0,21.0,0.57,1.0,1.0,21.0,76.0,39.0,0.0,55.0,52.0,42.0,0.0,25.0,21.0,0.0,1.0,0.0,351.0,20.65,0.0,4.0,0.75,0.0,27.0,3.0,0.0,12.0,1.0,0.0,0.0,0.0,0.0,0.0
 Winston Reid,5.0,27.0,11.0,0.82,0.0,1.0,22.0,101.0,57.0,0.0,80.0,69.0,53.0,0.0,44.0,25.0,0.0,0.0,0.0,659.0,38.76,0.0,1.0,0.0,0.0,54.0,5.0,0.0,14.0,0.0,0.0,0.0,0.0,0.0,0.0
 Kevin Wimmer,1.0,32.0,24.0,0.71,1.0,1.0,30.0,78.0,40.0,0.0,55.0,51.0,60.0,2.0,19.0,24.0,0.0,0.0,0.0,504.0,29.65,0.0,2.0,0.0,0.0,44.0,5.0,0.0,20.0,0.0,0.0,0.0,0.0,0.0,0.0
 Kevin Long,4.0,21.0,32.0,0.72,0.0,5.0,19.0,127.0,76.0,0.0,68.0,131.0,84.0,0.0,80.0,58.0,1.0,1.0,2.0,541.0,33.81,3.0,2.0,0.0,0.0,61.0,1.0,0.0,15.0,1.0,1.0,1.0,0.0,0.0,1.0
 Alberto Moreno,6.0,19.0,35.0,0.74,0.0,7.0,12.0,39.0,16.0,0.0,69.0,69.0,48.0,6.0,10.0,17.0,0.0,0.0,0.0,783.0,48.94,0.0,51.0,0.2,1.0,35.0,1.0,0.0,8.0,0.0,0.0,0.0,0.0,0.0,0.0
 Moritz Bauer,4.0,18.0,24.0,0.71,0.0,2.0,12.0,40.0,15.0,0.0,54.0,74.0,74.0,12.0,19.0,22.0,0.0,0.0,0.0,286.0,19.07,1.0,39.0,0.26,0.0,23.0,4.0,0.0,19.0,1.0,0.0,0.0,0.0,0.0,0.0
 Mason Holgate,4.0,14.0,23.0,0.7,0.0,1.0,23.0,82.0,44.0,0.0,57.0,75.0,68.0,8.0,33.0,41.0,0.0,1.0,0.0,475.0,31.67,1.0,12.0,0.25,0.0,44.0,3.0,0.0,12.0,1.0,0.0,0.0,0.0,0.0,1.0
 Martin Kelly,3.0,21.0,19.0,0.68,1.0,2.0,9.0,63.0,34.0,1.0,43.0,52.0,58.0,2.0,27.0,36.0,1.0,1.0,0.0,343.0,22.87,0.0,6.0,0.0,0.0,27.0,1.0,0.0,8.0,0.0,0.0,0.0,0.0,0.0,0.0
 Toby Alderweireld,5.0,13.0,19.0,0.68,0.0,1.0,4.0,50.0,31.0,0.0,57.0,40.0,45.0,6.0,14.0,29.0,0.0,0.0,0.0,915.0,65.36,0.0,7.0,0.29,1.0,111.0,3.0,0.0,8.0,0.0,0.0,0.0,0.0,0.0,0.0
 Markus Suttner,4.0,18.0,25.0,0.6,0.0,2.0,12.0,37.0,20.0,0.0,59.0,42.0,36.0,1.0,14.0,13.0,0.0,0.0,0.0,438.0,31.29,0.0,45.0,0.11,1.0,40.0,0.0,0.0,5.0,0.0,0.0,0.0,0.0,0.0,0.0
 Eric Bailly,7.0,6.0,17.0,0.59,0.0,1.0,25.0,56.0,14.0,0.0,58.0,47.0,30.0,4.0,17.0,8.0,1.0,0.0,0.0,426.0,32.77,0.0,0.0,0.0,1.0,18.0,2.0,0.0,10.0,0.0,1.0,0.0,1.0,0.0,0.0
 Phil Bardsley,4.0,13.0,17.0,0.94,0.0,0.0,22.0,66.0,32.0,1.0,61.0,65.0,67.0,3.0,29.0,27.0,0.0,0.0,0.0,418.0,32.15,0.0,19.0,0.37,0.0,29.0,5.0,0.0,22.0,0.0,0.0,0.0,0.0,0.0,0.0
 James Collins,3.0,19.0,15.0,0.6,0.0,0.0,16.0,118.0,71.0,0.0,28.0,65.0,48.0,1.0,47.0,34.0,0.0,1.0,0.0,389.0,29.92,1.0,0.0,0.0,0.0,41.0,3.0,0.0,13.0,0.0,1.0,1.0,0.0,0.0,0.0
 Terence Kongolo,2.0,14.0,33.0,0.61,0.0,0.0,32.0,64.0,31.0,0.0,50.0,77.0,34.0,7.0,28.0,13.0,0.0,0.0,0.0,311.0,23.92,0.0,10.0,0.2,0.0,12.0,0.0,0.0,5.0,0.0,0.0,0.0,0.0,0.0,0.0
 Miguel Britos,2.0,16.0,15.0,0.73,0.0,0.0,12.0,44.0,28.0,0.0,45.0,50.0,35.0,2.0,27.0,19.0,0.0,1.0,0.0,388.0,32.33,2.0,5.0,0.2,0.0,37.0,3.0,1.0,8.0,0.0,1.0,1.0,0.0,0.0,0.0
 Calum Chambers,1.0,14.0,17.0,0.59,0.0,3.0,18.0,44.0,22.0,0.0,71.0,57.0,56.0,7.0,28.0,30.0,0.0,0.0,0.0,600.0,50.0,0.0,7.0,0.14,0.0,31.0,1.0,0.0,10.0,0.0,0.0,0.0,0.0,0.0,0.0
 Seamus Coleman,4.0,12.0,14.0,1.0,0.0,0.0,10.0,23.0,16.0,0.0,53.0,66.0,44.0,25.0,14.0,11.0,0.0,1.0,1.0,357.0,29.75,1.0,28.0,0.14,0.0,10.0,0.0,0.0,3.0,0.0,0.0,0.0,0.0,0.0,1.0
 Rob Holding,3.0,17.0,19.0,0.74,1.0,1.0,21.0,39.0,18.0,0.0,67.0,56.0,46.0,5.0,28.0,20.0,0.0,0.0,0.0,603.0,50.25,0.0,0.0,0.0,1.0,30.0,3.0,0.0,9.0,0.0,0.0,0.0,0.0,0.0,0.0
 Jairo Riedewald,2.0,6.0,11.0,0.73,0.0,0.0,12.0,12.0,6.0,0.0,23.0,18.0,11.0,3.0,4.0,3.0,0.0,0.0,0.0,155.0,12.92,0.0,2.0,1.0,0.0,13.0,0.0,0.0,3.0,0.0,0.0,0.0,0.0,0.0,0.0
 Marvin Zeegelaar,2.0,17.0,23.0,0.78,0.0,0.0,20.0,25.0,13.0,0.0,63.0,59.0,52.0,15.0,13.0,8.0,0.0,0.0,1.0,422.0,35.17,2.0,38.0,0.26,1.0,16.0,4.0,1.0,17.0,0.0,0.0,0.0,0.0,0.0,0.0
 Aleksandar Dragovic,3.0,14.0,13.0,0.77,0.0,1.0,16.0,42.0,25.0,2.0,50.0,30.0,24.0,1.0,13.0,9.0,0.0,0.0,0.0,337.0,30.64,0.0,1.0,0.0,0.0,32.0,2.0,0.0,7.0,0.0,0.0,0.0,0.0,0.0,0.0
 Eliaquim Mangala,2.0,7.0,7.0,0.57,0.0,1.0,3.0,28.0,12.0,0.0,44.0,25.0,26.0,4.0,14.0,14.0,0.0,1.0,0.0,413.0,37.55,0.0,0.0,0.0,1.0,14.0,0.0,0.0,3.0,0.0,0.0,0.0,0.0,0.0,0.0
 Luke Shaw,6.0,2.0,18.0,0.83,0.0,5.0,4.0,19.0,11.0,0.0,42.0,49.0,38.0,6.0,17.0,19.0,0.0,0.0,0.0,477.0,43.36,0.0,30.0,0.0,0.0,8.0,2.0,0.0,4.0,0.0,0.0,0.0,0.0,0.0,1.0
 Charlie Taylor,2.0,12.0,16.0,0.25,0.0,0.0,15.0,39.0,20.0,0.0,57.0,59.0,37.0,8.0,23.0,12.0,0.0,0.0,0.0,326.0,29.64,0.0,26.0,0.23,0.0,14.0,3.0,0.0,7.0,0.0,0.0,0.0,0.0,0.0,0.0
 David Luiz,2.0,13.0,18.0,0.61,0.0,2.0,24.0,41.0,23.0,0.0,66.0,51.0,44.0,3.0,17.0,16.0,0.0,0.0,0.0,492.0,49.2,0.0,1.0,0.0,0.0,40.0,4.0,1.0,12.0,0.0,1.0,0.0,0.0,1.0,0.0
 Danny Rose,1.0,14.0,15.0,0.73,0.0,3.0,9.0,10.0,2.0,1.0,45.0,58.0,49.0,11.0,8.0,5.0,0.0,0.0,1.0,378.0,37.8,0.0,57.0,0.19,0.0,20.0,4.0,0.0,12.0,0.0,0.0,0.0,0.0,0.0,0.0
 Glen Johnson,0.0,14.0,7.0,0.71,0.0,1.0,10.0,22.0,9.0,0.0,29.0,21.0,23.0,3.0,6.0,1.0,0.0,0.0,0.0,188.0,20.89,0.0,8.0,0.25,0.0,20.0,3.0,0.0,6.0,0.0,0.0,0.0,0.0,0.0,0.0
 Aymeric Laporte,4.0,5.0,8.0,0.88,0.0,3.0,11.0,26.0,16.0,0.0,90.0,39.0,23.0,3.0,24.0,9.0,0.0,0.0,0.0,811.0,90.11,0.0,2.0,0.5,1.0,42.0,1.0,0.0,10.0,0.0,0.0,0.0,0.0,0.0,0.0
 Chancel Mbemba,1.0,11.0,16.0,0.75,0.0,0.0,15.0,41.0,26.0,0.0,34.0,47.0,34.0,8.0,19.0,17.0,0.0,0.0,0.0,213.0,23.67,1.0,7.0,0.57,1.0,9.0,0.0,0.0,5.0,0.0,0.0,0.0,0.0,0.0,0.0
 Gareth McAuley,0.0,15.0,8.0,0.88,0.0,0.0,11.0,15.0,11.0,0.0,26.0,26.0,16.0,1.0,15.0,10.0,0.0,0.0,0.0,125.0,13.89,0.0,1.0,1.0,0.0,16.0,0.0,0.0,2.0,0.0,0.0,0.0,0.0,0.0,0.0
 Marcos Rojo,3.0,8.0,7.0,0.71,0.0,2.0,7.0,54.0,30.0,0.0,37.0,31.0,22.0,4.0,16.0,7.0,0.0,0.0,0.0,358.0,39.78,0.0,1.0,0.0,0.0,19.0,6.0,0.0,8.0,0.0,0.0,0.0,0.0,0.0,0.0
 José Fonte,3.0,11.0,11.0,0.55,0.0,2.0,14.0,36.0,25.0,0.0,32.0,38.0,30.0,1.0,21.0,19.0,0.0,0.0,1.0,347.0,43.38,1.0,3.0,0.67,0.0,30.0,0.0,0.0,6.0,0.0,0.0,0.0,0.0,0.0,0.0
 Matteo Darmian,3.0,3.0,16.0,0.88,0.0,0.0,7.0,22.0,14.0,0.0,17.0,24.0,27.0,1.0,6.0,6.0,0.0,0.0,0.0,195.0,24.38,0.0,6.0,0.0,0.0,9.0,0.0,0.0,5.0,0.0,0.0,0.0,0.0,0.0,0.0
 Daley Blind,3.0,0.0,6.0,0.67,0.0,1.0,7.0,12.0,8.0,0.0,23.0,19.0,19.0,1.0,8.0,6.0,0.0,0.0,0.0,224.0,32.0,1.0,26.0,0.35,0.0,11.0,0.0,0.0,4.0,0.0,0.0,0.0,0.0,0.0,0.0
 Craig Cathcart,1.0,6.0,8.0,0.63,0.0,0.0,3.0,38.0,18.0,0.0,32.0,20.0,10.0,1.0,10.0,6.0,0.0,0.0,0.0,185.0,26.43,0.0,0.0,0.0,0.0,24.0,1.0,0.0,2.0,0.0,0.0,0.0,0.0,0.0,0.0
 Benjamin Mendy,2.0,1.0,5.0,0.8,0.0,1.0,8.0,8.0,6.0,0.0,21.0,14.0,23.0,3.0,5.0,4.0,0.0,0.0,1.0,188.0,26.86,1.0,39.0,0.21,0.0,2.0,2.0,0.0,6.0,0.0,0.0,0.0,0.0,0.0,0.0
 Thomas Edwards,0.0,15.0,15.0,0.6,0.0,1.0,5.0,19.0,10.0,0.0,29.0,28.0,9.0,3.0,8.0,6.0,0.0,0.0,0.0,162.0,27.0,1.0,15.0,0.13,0.0,9.0,0.0,0.0,3.0,0.0,0.0,0.0,0.0,0.0,0.0
 Per Mertesacker,0.0,7.0,2.0,1.0,0.0,0.0,6.0,21.0,15.0,0.0,32.0,28.0,10.0,0.0,23.0,7.0,0.0,1.0,0.0,247.0,41.17,0.0,0.0,0.0,0.0,7.0,0.0,0.0,2.0,0.0,1.0,1.0,0.0,0.0,0.0
 Molla Wagué,0.0,8.0,5.0,0.6,0.0,0.0,9.0,30.0,18.0,0.0,17.0,22.0,14.0,0.0,16.0,6.0,0.0,0.0,0.0,145.0,24.17,0.0,1.0,1.0,0.0,13.0,0.0,0.0,5.0,0.0,1.0,0.0,1.0,0.0,0.0
 Kyle Bartley,0.0,4.0,3.0,0.67,0.0,0.0,4.0,21.0,12.0,0.0,3.0,18.0,9.0,0.0,14.0,4.0,0.0,0.0,0.0,115.0,23.0,0.0,0.0,0.0,0.0,7.0,2.0,0.0,5.0,0.0,0.0,0.0,0.0,0.0,0.0
 Jan Bednarek,1.0,5.0,6.0,0.5,0.0,0.0,5.0,27.0,19.0,0.0,28.0,14.0,24.0,0.0,7.0,17.0,0.0,0.0,0.0,181.0,36.2,0.0,0.0,0.0,0.0,8.0,1.0,0.0,3.0,0.0,1.0,0.0,0.0,1.0,0.0
 Sam Byram,0.0,7.0,9.0,0.56,0.0,2.0,9.0,13.0,9.0,0.0,10.0,25.0,17.0,2.0,13.0,8.0,0.0,0.0,0.0,84.0,16.8,0.0,10.0,0.3,0.0,3.0,1.0,0.0,4.0,1.0,0.0,0.0,0.0,0.0,0.0
 Patrice Evra,0.0,10.0,6.0,0.67,0.0,0.0,7.0,6.0,4.0,0.0,18.0,18.0,14.0,3.0,7.0,7.0,0.0,0.0,0.0,97.0,19.4,0.0,2.0,0.0,1.0,5.0,0.0,0.0,0.0,1.0,0.0,0.0,0.0,0.0,0.0
 Emerson,1.0,4.0,6.0,0.67,0.0,0.0,2.0,9.0,5.0,0.0,17.0,19.0,9.0,5.0,3.0,1.0,0.0,0.0,1.0,131.0,26.2,0.0,15.0,0.13,0.0,4.0,0.0,0.0,3.0,0.0,0.0,0.0,0.0,0.0,0.0
 Konstantinos Stafylidis,0.0,6.0,12.0,0.5,0.0,2.0,5.0,11.0,8.0,1.0,15.0,22.0,13.0,2.0,3.0,2.0,0.0,0.0,0.0,94.0,18.8,0.0,10.0,0.0,0.0,4.0,0.0,0.0,4.0,1.0,0.0,0.0,0.0,0.0,0.0
 Ramiro Funes Mori,0.0,2.0,0.0,0.0,0.0,0.0,3.0,14.0,8.0,0.0,9.0,9.0,8.0,0.0,7.0,4.0,0.0,0.0,0.0,54.0,13.5,0.0,0.0,0.0,0.0,5.0,1.0,0.0,3.0,0.0,0.0,0.0,0.0,0.0,0.0
 Tyrone Mings,0.0,5.0,1.0,1.0,0.0,1.0,6.0,13.0,1.0,0.0,14.0,5.0,5.0,1.0,2.0,2.0,0.0,0.0,0.0,113.0,28.25,0.0,1.0,1.0,0.0,9.0,1.0,0.0,2.0,0.0,0.0,0.0,0.0,0.0,0.0
 Angel Rangel,0.0,3.0,4.0,0.75,0.0,0.0,3.0,3.0,1.0,0.0,12.0,5.0,10.0,0.0,1.0,5.0,0.0,0.0,0.0,95.0,23.75,0.0,6.0,0.17,0.0,2.0,0.0,0.0,1.0,0.0,0.0,0.0,0.0,0.0,0.0
 Connor Roberts,0.0,4.0,6.0,0.67,0.0,0.0,3.0,6.0,1.0,0.0,17.0,16.0,6.0,0.0,3.0,6.0,0.0,0.0,0.0,135.0,33.75,0.0,13.0,0.0,0.0,5.0,0.0,0.0,0.0,0.0,0.0,0.0,0.0,0.0,0.0
 Nathaniel Clyne,1.0,1.0,3.0,0.33,0.0,1.0,0.0,3.0,1.0,0.0,10.0,6.0,12.0,0.0,3.0,3.0,0.0,0.0,0.0,104.0,34.67,0.0,7.0,0.14,0.0,5.0,1.0,0.0,4.0,0.0,0.0,0.0,0.0,0.0,0.0
 Martin Cranie,0.0,7.0,3.0,0.67,0.0,0.0,1.0,9.0,4.0,1.0,9.0,6.0,3.0,1.0,2.0,2.0,0.0,0.0,0.0,90.0,30.0,0.0,0.0,0.0,0.0,8.0,0.0,0.0,0.0,0.0,0.0,0.0,0.0,0.0,0.0
 Connor Goldson,1.0,5.0,2.0,1.0,0.0,1.0,1.0,8.0,6.0,0.0,12.0,13.0,9.0,0.0,10.0,4.0,0.0,0.0,0.0,83.0,27.67,0.0,1.0,0.0,1.0,11.0,1.0,0.0,2.0,0.0,0.0,0.0,0.0,0.0,0.0
 Konstantinos Mavropanos,1.0,3.0,1.0,1.0,0.0,0.0,6.0,11.0,9.0,0.0,14.0,8.0,9.0,1.0,4.0,7.0,0.0,0.0,0.0,103.0,34.33,0.0,0.0,0.0,0.0,6.0,0.0,1.0,2.0,0.0,0.0,0.0,0.0,0.0,0.0
 Liam Rosenior,0.0,3.0,4.0,0.75,0.0,0.0,4.0,7.0,4.0,0.0,5.0,6.0,5.0,0.0,2.0,1.0,0.0,0.0,0.0,65.0,21.67,0.0,1.0,0.0,0.0,3.0,0.0,0.0,1.0,0.0,0.0,0.0,0.0,0.0,0.0
 Josh Tymon,0.0,9.0,5.0,0.2,0.0,0.0,1.0,2.0,1.0,0.0,6.0,6.0,3.0,1.0,0.0,0.0,0.0,0.0,0.0,81.0,27.0,0.0,4.0,0.0,0.0,6.0,0.0,0.0,0.0,0.0,0.0,0.0,0.0,0.0,0.0
 Kyle Walker-Peters,1.0,4.0,5.0,0.8,0.0,0.0,3.0,6.0,2.0,0.0,9.0,15.0,16.0,4.0,2.0,4.0,0.0,0.0,2.0,97.0,32.33,2.0,9.0,0.22,0.0,3.0,0.0,0.0,1.0,0.0,0.0,0.0,0.0,0.0,0.0
 Damien Delaney,0.0,5.0,2.0,0.5,0.0,0.0,3.0,7.0,5.0,0.0,6.0,3.0,4.0,1.0,0.0,4.0,0.0,0.0,0.0,38.0,19.0,0.0,0.0,0.0,0.0,3.0,0.0,0.0,0.0,0.0,0.0,0.0,0.0,0.0,0.0
 Jesús Gámez,1.0,0.0,4.0,0.5,0.0,0.0,2.0,5.0,3.0,0.0,6.0,7.0,2.0,1.0,1.0,0.0,0.0,0.0,0.0,45.0,22.5,0.0,5.0,0.2,0.0,2.0,0.0,0.0,0.0,0.0,0.0,0.0,0.0,0.0,0.0
 Michael Hefele,0.0,1.0,0.0,0.0,0.0,0.0,1.0,5.0,4.0,0.0,1.0,1.0,2.0,0.0,1.0,0.0,0.0,0.0,0.0,9.0,4.5,0.0,0.0,0.0,0.0,0.0,1.0,0.0,2.0,0.0,0.0,0.0,0.0,0.0,0.0
 Younes Kaboul,0.0,3.0,3.0,0.67,0.0,0.0,2.0,15.0,10.0,0.0,7.0,11.0,5.0,0.0,8.0,3.0,0.0,0.0,0.0,76.0,38.0,0.0,0.0,0.0,0.0,10.0,0.0,0.0,1.0,0.0,0.0,0.0,0.0,0.0,0.0
 Jérémy Pied,0.0,3.0,9.0,0.67,0.0,0.0,8.0,4.0,0.0,0.0,15.0,14.0,4.0,2.0,1.0,0.0,0.0,0.0,1.0,96.0,48.0,0.0,7.0,0.14,0.0,3.0,0.0,0.0,1.0,0.0,0.0,0.0,0.0,0.0,0.0
 Matt Targett,0.0,6.0,6.0,0.5,0.0,0.0,3.0,6.0,3.0,1.0,18.0,13.0,6.0,3.0,1.0,2.0,0.0,0.0,0.0,80.0,40.0,1.0,8.0,0.38,1.0,6.0,0.0,0.0,1.0,0.0,0.0,0.0,0.0,0.0,0.0
 Ethan Ampadu,0.0,1.0,1.0,1.0,0.0,0.0,0.0,2.0,1.0,0.0,0.0,2.0,2.0,0.0,1.0,2.0,0.0,0.0,0.0,19.0,19.0,0.0,0.0,0.0,0.0,1.0,0.0,0.0,0.0,0.0,0.0,0.0,0.0,0.0,0.0
 Yohan Benalouane,0.0,2.0,7.0,0.43,0.0,0.0,1.0,4.0,0.0,0.0,5.0,10.0,5.0,0.0,2.0,2.0,0.0,0.0,0.0,27.0,27.0,0.0,3.0,0.0,0.0,2.0,0.0,0.0,1.0,1.0,0.0,0.0,0.0,0.0,0.0
 Massadio Haidara,0.0,0.0,0.0,0.0,0.0,0.0,0.0,0.0,0.0,0.0,0.0,0.0,0.0,0.0,0.0,0.0,0.0,0.0,0.0,2.0,2.0,0.0,0.0,0.0,0.0,0.0,0.0,0.0,0.0,0.0,0.0,0.0,0.0,0.0,0.0
 Uwe Hünemeier,0.0,1.0,0.0,0.0,0.0,0.0,0.0,4.0,3.0,0.0,0.0,2.0,0.0,0.0,2.0,0.0,0.0,0.0,0.0,4.0,4.0,0.0,0.0,0.0,0.0,1.0,0.0,0.0,0.0,0.0,0.0,0.0,0.0,0.0,0.0
 Reece Oxford,0.0,0.0,2.0,0.5,0.0,0.0,0.0,0.0,0.0,0.0,0.0,2.0,1.0,0.0,0.0,0.0,0.0,0.0,0.0,2.0,2.0,0.0,0.0,0.0,0.0,0.0,0.0,0.0,1.0,0.0,0.0,0.0,0.0,0.0,0.0
 Jack Simpson,0.0,2.0,1.0,1.0,0.0,0.0,0.0,4.0,1.0,0.0,1.0,1.0,1.0,0.0,0.0,0.0,0.0,0.0,0.0,5.0,5.0,0.0,0.0,0.0,0.0,0.0,0.0,0.0,0.0,0.0,0.0,0.0,0.0,0.0,0.0
 Pape Souaré,0.0,0.0,0.0,0.0,0.0,0.0,0.0,0.0,0.0,0.0,0.0,0.0,0.0,0.0,0.0,0.0,0.0,0.0,0.0,9.0,9.0,0.0,0.0,0.0,0.0,0.0,0.0,0.0,0.0,0.0,0.0,0.0,0.0,0.0,0.0
 Axel Tuanzebe,0.0,0.0,0.0,0.0,0.0,0.0,0.0,0.0,0.0,0.0,0.0,0.0,0.0,0.0,0.0,0.0,0.0,0.0,0.0,0.0,0.0,0.0,0.0,0.0,0.0,0.0,0.0,0.0,0.0,0.0,0.0,0.0,0.0,0.0,0.0
