,name,team,rating,position,pace,acceleration,sprint_speed,shooting,positioning,finishing,long_shot,penalties,shot_power,volleys,passing,crossing,curve,freekick_accuracy,longpass,shortpass,vision,dribbling,agility,balance,ball_control,reactions,composure,defending,heading_accuracy,interceptions_x,marking,stand_tackle,slide_tackle,physicality,aggression,jumping,stamina,strength,clean sheets,goals conceded,tackles,tackle success,last man tackles,blocked shots,interceptions_y,clearances,headed clearance,clearances off line,recoveries,duels won,duels lost,successful 50/50,aerial battles won,aerial battles lost,own goals,errors leading to goal,assists,passes,passes per match,big chances created,crosses,cross accuracy,through balls,accurate long balls,yellow cards,red cards,fouls,offsides,goals,headed goals,goals with right foot,goals with left foot,hit woodwork
0,Vincent Kompany,Manchester City,85,CB,68.5,68,69,54.33333333,41,45,55,63,76,46,60.66666667,61,61,52,66,65,59,64,63,42,68,84,0,85.0,84,78,86,90,87,77.5,81,73,68,88,9.0,7.0,20.0,0.75,0.0,3.0,23.0,78.0,41.0,0.0,90.0,65.0,30.0,7.0,35.0,6.0,0.0,0.0,0.0,678.0,48.43,0.0,0.0,0.0,0.0,55.0,5.0,0.0,15.0,0.0,2.0,2.0,0.0,0.0,0.0
1,Laurent Koscielny,Arsenal,84,CB,78.5,79,78,41.66666667,31,32,47,51,54,35,53.83333333,54,22,49,67,75,56,62,70,62,67,78,0,84.8,84,85,83,87,85,81.0,92,86,73,73,15.0,31.0,47.0,0.55,0.0,2.0,126.0,186.0,89.0,0.0,223.0,186.0,113.0,10.0,104.0,57.0,0.0,0.0,0.0,1691.0,51.24,1.0,3.0,0.0,2.0,83.0,3.0,0.0,31.0,1.0,4.0,1.0,3.0,0.0,0.0
2,Nicolas Otamendi,Manchester City,84,CB,74.5,74,75,54.5,49,53,56,44,69,56,52.66666667,52,50,39,66,64,45,41,71,62,60,79,0,85.4,86,86,83,86,86,83.75,85,90,78,82,11.0,35.0,90.0,0.67,1.0,8.0,104.0,209.0,118.0,2.0,190.0,219.0,129.0,11.0,90.0,49.0,0.0,0.0,0.0,1569.0,52.3,0.0,1.0,0.0,0.0,97.0,9.0,0.0,31.0,0.0,1.0,1.0,0.0,0.0,0.0
3,John Terry,Chelsea,84,CB,33.5,33,34,47.5,38,46,33,52,61,55,51.0,42,44,31,64,66,59,45,44,46,63,85,0,86.8,90,86,87,87,84,79.5,85,80,67,86,6.0,34.0,21.0,0.81,0.0,3.0,38.0,88.0,46.0,0.0,90.0,77.0,42.0,2.0,49.0,22.0,1.0,0.0,0.0,924.0,38.5,0.0,0.0,0.0,1.0,32.0,2.0,2.0,10.0,2.0,1.0,0.0,1.0,0.0,0.0
4,Chris Smalling,Manchester United,83,CB,76.5,77,76,41.33333333,42,23,35,52,42,54,47.66666667,52,36,22,56,71,49,64,60,48,64,83,0,85.2,85,83,85,88,85,81.25,82,75,80,88,17.0,31.0,55.0,0.71,1.0,7.0,97.0,180.0,91.0,0.0,194.0,203.0,137.0,12.0,124.0,70.0,1.0,0.0,1.0,1533.0,43.8,1.0,0.0,0.0,1.0,104.0,8.0,0.0,47.0,1.0,0.0,0.0,0.0,0.0,2.0
5,Per Mertesacker,Arsenal,83,CB,31.0,29,33,41.16666667,43,36,25,42,71,30,51.5,38,39,45,58,71,58,39,29,28,65,84,0,87.4,87,88,88,88,86,63.25,69,32,64,88,9.0,23.0,27.0,0.89,1.0,1.0,36.0,108.0,56.0,0.0,139.0,88.0,32.0,3.0,54.0,16.0,0.0,0.0,0.0,1246.0,51.92,1.0,0.0,0.0,0.0,46.0,1.0,1.0,7.0,1.0,0.0,0.0,0.0,0.0,0.0
6,Toby Alderweireld,Tottenham Hotspur,82,CB,66.0,63,69,58.5,56,45,66,60,86,38,69.0,64,63,69,81,77,60,61,60,49,69,84,0,84.0,81,84,85,87,83,78.75,79,80,75,81,13.0,35.0,45.0,0.71,0.0,8.0,66.0,285.0,125.0,1.0,161.0,116.0,74.0,7.0,59.0,39.0,0.0,0.0,2.0,2076.0,54.63,1.0,16.0,0.13,2.0,238.0,3.0,0.0,9.0,1.0,4.0,3.0,0.0,1.0,0.0
7,Leighton Baines,Everton,82,LB,75.5,76,75,76.16666667,75,70,75,90,84,63,80.83333333,91,81,82,74,81,76,77,75,85,76,80,0,79.8,74,80,81,82,82,75.25,74,72,86,69,4.0,26.0,34.0,0.59,0.0,3.0,29.0,42.0,19.0,0.0,62.0,68.0,54.0,4.0,9.0,17.0,0.0,0.0,1.0,756.0,42.0,2.0,103.0,0.24,0.0,57.0,0.0,0.0,6.0,4.0,2.0,0.0,0.0,2.0,1.0
8,Gary Cahill,Chelsea,82,CB,69.5,69,70,55.0,45,56,66,53,63,47,47.5,28,48,27,61,65,56,58,67,51,64,84,0,85.0,86,85,83,85,86,76.75,78,82,68,79,2.0,38.0,22.0,0.82,2.0,1.0,36.0,114.0,44.0,2.0,85.0,113.0,67.0,3.0,69.0,38.0,1.0,0.0,1.0,773.0,33.61,0.0,0.0,0.0,1.0,29.0,2.0,0.0,17.0,1.0,2.0,0.0,1.0,1.0,0.0
9,Pablo Zabaleta,Manchester City,82,RB,72.5,72,73,60.0,71,49,57,64,66,53,68.5,75,68,66,64,72,66,73,71,66,76,86,0,83.4,76,86,86,85,84,84.0,88,84,85,79,3.0,16.0,43.0,0.72,0.0,2.0,25.0,35.0,16.0,0.0,47.0,73.0,59.0,3.0,18.0,14.0,0.0,0.0,1.0,575.0,44.23,1.0,19.0,0.0,0.0,13.0,3.0,0.0,15.0,2.0,0.0,0.0,0.0,0.0,0.0
10,Jan Vertonghen,Tottenham Hotspur,82,CB,70.5,69,72,66.5,65,60,68,68,86,52,68.33333333,68,58,73,74,75,62,66,68,55,74,80,0,82.4,82,83,81,85,81,80.75,83,80,79,81,9.0,29.0,48.0,0.75,0.0,4.0,63.0,174.0,98.0,0.0,126.0,134.0,63.0,13.0,54.0,36.0,1.0,0.0,0.0,1474.0,50.83,0.0,2.0,1.0,0.0,102.0,5.0,0.0,17.0,0.0,0.0,0.0,0.0,0.0,0.0
11,Azpilicueta,Chelsea,82,LB,79.0,79,79,59.66666667,64,46,60,66,68,54,70.66666667,78,66,58,74,80,68,70,75,73,77,87,0,81.8,69,81,86,87,86,77.0,76,74,86,72,8.0,50.0,114.0,0.75,0.0,2.0,86.0,102.0,32.0,0.0,210.0,182.0,124.0,6.0,46.0,39.0,0.0,0.0,3.0,1798.0,48.59,3.0,57.0,0.19,1.0,103.0,7.0,0.0,39.0,1.0,2.0,0.0,2.0,0.0,0.0
12,Martin Skrtel,Liverpool,81,CB,61.0,54,68,40.66666667,33,35,35,52,46,43,42.33333333,39,33,27,62,65,28,46,62,52,59,73,0,82.2,86,78,79,85,83,79.75,84,75,75,85,6.0,29.0,23.0,0.87,1.0,4.0,41.0,147.0,63.0,0.0,92.0,88.0,53.0,1.0,58.0,29.0,1.0,0.0,0.0,1173.0,53.32,1.0,1.0,0.0,0.0,56.0,5.0,0.0,21.0,1.0,1.0,0.0,1.0,0.0,0.0
13,Jose Fonte,Southampton,81,CB,54.5,55,54,35.83333333,40,40,29,43,29,34,45.5,36,33,32,54,63,55,59,62,56,64,84,0,83.0,77,85,84,85,84,77.25,84,73,69,83,11.0,37.0,53.0,0.66,0.0,2.0,81.0,224.0,82.0,0.0,163.0,154.0,85.0,2.0,91.0,42.0,0.0,0.0,1.0,1622.0,43.84,1.0,9.0,0.33,0.0,136.0,4.0,1.0,21.0,1.0,2.0,2.0,0.0,0.0,0.0
14,Seamus Coleman,Everton,81,RB,79.5,79,80,68.0,76,65,68,60,75,64,62.5,81,42,35,70,77,70,78,77,74,77,81,0,79.0,67,77,83,84,84,78.25,78,72,90,73,7.0,34.0,58.0,0.79,0.0,8.0,36.0,71.0,32.0,0.0,160.0,142.0,120.0,43.0,13.0,22.0,1.0,1.0,3.0,1044.0,37.29,3.0,93.0,0.15,0.0,45.0,4.0,0.0,20.0,8.0,1.0,1.0,0.0,0.0,1.0
15,Mamadou Sakho,Liverpool,81,CB,66.0,64,68,34.0,32,23,38,40,51,20,55.0,60,50,30,66,75,49,50,61,55,61,72,0,79.8,71,82,79,84,83,82.25,85,82,72,90,5.0,30.0,30.0,0.67,1.0,1.0,37.0,137.0,79.0,2.0,158.0,123.0,69.0,8.0,75.0,45.0,0.0,0.0,0.0,1243.0,56.5,0.0,0.0,0.0,0.0,69.0,1.0,0.0,9.0,1.0,1.0,1.0,0.0,0.0,0.0
16,Matteo Darmian,Manchester United,81,RB,79.5,79,80,55.16666667,64,38,56,45,69,59,64.5,78,69,35,68,74,63,76,79,77,76,78,0,80.2,71,80,80,85,85,77.75,82,70,91,68,8.0,18.0,84.0,0.82,0.0,0.0,42.0,53.0,14.0,0.0,103.0,138.0,96.0,11.0,20.0,13.0,0.0,0.0,0.0,934.0,33.36,3.0,53.0,0.17,0.0,40.0,8.0,0.0,27.0,4.0,1.0,0.0,0.0,1.0,0.0
17,Ashley Williams,Swansea City,81,CB,70.0,68,72,41.33333333,28,37,40,45,64,34,47.66666667,32,34,23,74,70,53,57,58,59,69,79,0,81.0,82,83,76,85,79,82.0,83,86,73,86,9.0,50.0,68.0,0.76,2.0,2.0,99.0,314.0,159.0,1.0,195.0,160.0,99.0,6.0,73.0,53.0,0.0,1.0,1.0,1883.0,52.31,0.0,3.0,0.33,2.0,175.0,8.0,0.0,30.0,2.0,2.0,1.0,1.0,0.0,0.0
18,Phil Jagielka,Everton,81,CB,67.0,66,68,52.66666667,51,30,54,68,69,44,52.83333333,55,55,31,66,71,39,49,51,64,62,74,0,82.8,79,85,82,85,83,82.5,79,90,78,83,7.0,25.0,39.0,0.72,0.0,0.0,50.0,170.0,83.0,0.0,115.0,111.0,66.0,3.0,58.0,38.0,0.0,3.0,0.0,1036.0,49.33,0.0,3.0,0.33,0.0,148.0,0.0,0.0,9.0,0.0,0.0,0.0,0.0,0.0,1.0
19,Bacary Sagna,Manchester City,80,RB,75.0,75,75,58.66666667,66,40,62,59,69,56,62.5,74,66,47,64,65,59,74,68,76,75,80,0,81.6,79,79,83,83,84,79.75,75,84,81,79,11.0,26.0,50.0,0.66,0.0,1.0,50.0,99.0,55.0,0.0,126.0,155.0,112.0,5.0,86.0,57.0,0.0,0.0,3.0,1587.0,56.68,3.0,74.0,0.26,2.0,52.0,4.0,0.0,17.0,0.0,0.0,0.0,0.0,0.0,0.0
20,Nathaniel Clyne,Liverpool,80,RB,86.0,86,86,58.66666667,64,54,69,46,74,45,65.0,80,64,39,67,76,64,78,84,76,76,75,0,78.2,66,76,80,83,86,76.75,76,73,87,71,10.0,45.0,84.0,0.75,0.0,13.0,52.0,57.0,10.0,0.0,161.0,143.0,102.0,23.0,11.0,21.0,0.0,0.0,0.0,1510.0,45.76,1.0,81.0,0.14,1.0,58.0,6.0,0.0,19.0,1.0,1.0,0.0,0.0,1.0,0.0
21,Ryan Shawcross,Stoke City,80,CB,59.0,54,64,39.83333333,31,53,28,48,44,35,45.5,33,34,24,69,63,50,42,62,57,54,73,0,82.2,84,82,82,83,80,81.0,85,72,79,88,7.0,26.0,43.0,0.81,1.0,2.0,39.0,94.0,38.0,0.0,64.0,101.0,62.0,5.0,50.0,25.0,0.0,0.0,0.0,592.0,29.6,0.0,1.0,0.0,0.0,38.0,2.0,1.0,18.0,3.0,0.0,0.0,0.0,0.0,0.0
22,Monreal,Arsenal,80,LB,77.0,79,75,58.16666667,61,39,61,61,71,56,69.66666667,81,74,59,61,77,66,74,75,70,77,79,0,79.6,67,82,83,84,82,75.0,74,75,85,66,17.0,34.0,80.0,0.7,0.0,1.0,105.0,114.0,50.0,2.0,236.0,205.0,129.0,15.0,69.0,54.0,0.0,0.0,3.0,1844.0,49.84,2.0,99.0,0.2,4.0,38.0,1.0,0.0,28.0,2.0,0.0,0.0,0.0,0.0,0.0
23,Branislav Ivanovic,Chelsea,80,RB,64.5,63,66,59.83333333,61,57,62,58,73,48,61.83333333,72,70,48,56,68,57,58,57,47,66,85,0,86.2,87,85,87,87,85,84.0,90,83,78,85,8.0,44.0,66.0,0.76,0.0,11.0,60.0,87.0,47.0,0.0,169.0,178.0,115.0,10.0,81.0,41.0,0.0,2.0,2.0,1301.0,39.42,2.0,74.0,0.12,0.0,71.0,5.0,0.0,32.0,1.0,2.0,2.0,0.0,0.0,0.0
24,Winston Reid,West Ham United,80,CB,73.5,71,76,50.16666667,42,46,53,55,75,30,45.0,28,33,38,63,64,44,43,57,43,57,77,0,82.2,83,80,81,85,82,79.5,84,74,76,84,6.0,38.0,45.0,0.82,0.0,4.0,76.0,154.0,76.0,0.0,109.0,123.0,66.0,2.0,50.0,28.0,1.0,0.0,1.0,833.0,34.71,0.0,2.0,0.0,0.0,90.0,5.0,0.0,23.0,0.0,1.0,1.0,0.0,0.0,2.0
25,Phil Jones,Manchester United,80,CB,65.5,63,68,55.66666667,42,50,59,55,68,60,56.33333333,64,38,35,67,75,59,60,43,58,69,78,0,80.8,77,80,81,84,82,81.75,85,84,79,79,2.0,45.0,76.0,0.72,0.0,6.0,30.0,64.0,34.0,0.0,86.0,160.0,108.0,11.0,61.0,35.0,0.0,1.0,1.0,569.0,23.71,1.0,41.0,0.12,1.0,20.0,8.0,0.0,32.0,3.0,1.0,0.0,1.0,0.0,1.0
26,Phil Jones,Manchester United,80,CB,65.5,63,68,55.66666667,42,50,59,55,68,60,56.33333333,64,38,35,67,75,59,60,43,58,69,78,0,80.8,77,80,81,84,82,81.75,85,84,79,79,2.0,4.0,9.0,0.78,0.0,1.0,13.0,24.0,13.0,0.0,41.0,32.0,11.0,2.0,20.0,4.0,0.0,0.0,0.0,320.0,32.0,0.0,3.0,0.67,0.0,13.0,0.0,0.0,4.0,0.0,0.0,0.0,0.0,0.0,0.0
27,Angelo Ogbonna,West Ham United,79,CB,71.0,69,73,40.16666667,30,25,46,39,71,30,47.33333333,51,51,36,58,60,28,59,69,54,57,64,0,82.2,78,82,84,84,83,75.25,70,74,70,87,9.0,32.0,43.0,0.79,0.0,2.0,50.0,161.0,88.0,0.0,116.0,127.0,67.0,8.0,62.0,31.0,0.0,1.0,0.0,945.0,33.75,0.0,1.0,1.0,0.0,78.0,5.0,0.0,21.0,0.0,0.0,0.0,0.0,0.0,0.0
28,Kyle Walker,Tottenham Hotspur,79,RB,88.5,85,92,64.83333333,62,51,70,63,86,57,71.83333333,75,76,73,67,73,67,74,70,73,73,75,0,78.4,76,74,77,81,84,81.5,78,83,88,77,12.0,28.0,87.0,0.82,0.0,8.0,92.0,106.0,53.0,0.0,209.0,183.0,127.0,17.0,52.0,25.0,1.0,1.0,3.0,1250.0,37.88,5.0,78.0,0.23,1.0,77.0,7.0,0.0,29.0,3.0,1.0,0.0,1.0,0.0,0.0
29,Dejan Lovren,Liverpool,79,CB,53.5,55,52,40.83333333,21,33,34,52,63,42,49.5,59,26,18,68,70,56,64,49,41,67,75,0,80.2,75,73,82,85,86,78.0,87,76,70,79,8.0,24.0,34.0,0.74,0.0,7.0,37.0,153.0,67.0,0.0,97.0,124.0,60.0,1.0,80.0,21.0,0.0,1.0,0.0,1052.0,43.83,1.0,4.0,0.25,0.0,80.0,2.0,0.0,23.0,0.0,0.0,0.0,0.0,0.0,0.0
30,Gael Clichy,Manchester City,79,LB,82.5,80,85,49.83333333,66,34,43,45,52,59,62.16666667,79,64,38,69,64,59,71,77,75,76,72,0,78.6,70,77,80,81,85,68.25,55,70,82,66,5.0,11.0,28.0,0.89,0.0,0.0,50.0,40.0,14.0,0.0,77.0,59.0,46.0,15.0,12.0,9.0,0.0,0.0,1.0,693.0,49.5,2.0,27.0,0.33,1.0,29.0,0.0,0.0,10.0,0.0,0.0,0.0,0.0,0.0,1.0
31,Kieran Gibbs,Arsenal,79,LB,81.0,79,83,59.83333333,65,47,65,63,72,47,67.33333333,76,64,52,65,78,69,77,73,74,77,81,0,78.4,68,79,80,82,83,72.0,72,70,77,69,0.0,6.0,12.0,0.75,0.0,1.0,11.0,10.0,5.0,0.0,27.0,28.0,28.0,2.0,8.0,13.0,0.0,0.0,0.0,198.0,13.2,0.0,9.0,0.22,2.0,3.0,0.0,0.0,3.0,2.0,1.0,0.0,0.0,1.0,0.0
32,Eliaquim Mangala,Manchester City,79,CB,74.0,70,78,44.83333333,39,27,41,46,72,44,53.5,59,47,48,59,61,47,56,62,57,66,74,0,79.2,83,75,75,79,84,84.75,90,86,77,86,9.0,23.0,32.0,0.84,2.0,0.0,66.0,120.0,49.0,0.0,122.0,84.0,76.0,5.0,41.0,21.0,1.0,1.0,0.0,1003.0,43.61,0.0,2.0,0.0,0.0,41.0,8.0,0.0,36.0,0.0,0.0,0.0,0.0,0.0,0.0
33,Daley Blind,Manchester United,79,CB,61.5,65,58,60.33333333,66,46,64,56,68,62,71.66666667,65,70,55,80,83,77,73,73,70,80,84,0,78.8,69,84,80,84,77,76.0,68,71,92,73,12.0,35.0,95.0,0.71,0.0,2.0,80.0,119.0,56.0,1.0,274.0,165.0,123.0,21.0,34.0,55.0,0.0,0.0,1.0,2029.0,57.97,2.0,125.0,0.26,1.0,171.0,2.0,0.0,27.0,0.0,1.0,0.0,0.0,1.0,0.0
34,Kurt Zouma,Chelsea,79,CB,73.0,69,77,52.16666667,53,47,49,61,56,47,58.0,54,59,60,56,62,57,48,48,52,67,75,0,79.6,77,78,80,83,80,80.75,82,84,72,85,8.0,26.0,30.0,0.73,0.0,3.0,36.0,123.0,52.0,0.0,68.0,107.0,49.0,4.0,67.0,28.0,0.0,0.0,1.0,736.0,32.0,1.0,4.0,0.25,0.0,37.0,0.0,0.0,9.0,2.0,1.0,1.0,0.0,0.0,1.0
35,Martin Demichelis,Manchester City,78,CB,33.5,33,34,38.83333333,29,39,35,46,48,36,46.33333333,53,27,31,63,64,40,33,32,55,53,76,0,79.2,84,80,76,80,76,73.5,87,72,49,86,3.0,18.0,20.0,0.8,0.0,2.0,35.0,76.0,39.0,0.0,47.0,68.0,46.0,5.0,35.0,13.0,0.0,1.0,0.0,551.0,27.55,1.0,0.0,0.0,0.0,23.0,3.0,0.0,12.0,0.0,0.0,0.0,0.0,0.0,0.0
36,Federico Fernandez,Swansea City,78,CB,53.5,54,53,30.16666667,36,26,29,42,27,21,47.33333333,23,49,42,56,70,44,39,48,48,66,72,0,80.2,80,82,82,79,78,75.25,78,76,68,79,8.0,44.0,58.0,0.81,0.0,2.0,80.0,217.0,124.0,0.0,170.0,166.0,119.0,4.0,87.0,60.0,2.0,1.0,1.0,1697.0,53.03,0.0,2.0,0.0,2.0,83.0,3.0,0.0,31.0,2.0,1.0,0.0,0.0,0.0,1.0
37,Kevin Wimmer,Tottenham Hotspur,78,CB,67.0,64,70,29.66666667,30,21,25,35,40,27,51.16666667,52,24,28,70,74,59,63,59,61,67,79,0,79.0,75,79,82,81,78,73.5,76,73,65,80,4.0,6.0,5.0,0.6,0.0,0.0,20.0,49.0,23.0,1.0,43.0,17.0,25.0,0.0,9.0,8.0,0.0,0.0,0.0,541.0,54.1,0.0,0.0,0.0,0.0,46.0,2.0,0.0,12.0,0.0,0.0,0.0,0.0,0.0,0.0
38,Aleksandar Kolarov,Manchester City,78,LB,67.5,69,66,72.16666667,69,55,80,74,91,64,79.83333333,90,85,81,77,70,76,78,64,58,74,79,0,79.0,75,80,75,83,82,79.25,84,78,77,78,10.0,29.0,34.0,0.74,0.0,13.0,46.0,71.0,43.0,0.0,153.0,132.0,103.0,24.0,47.0,25.0,0.0,0.0,3.0,1361.0,46.93,2.0,149.0,0.27,1.0,63.0,3.0,0.0,20.0,3.0,3.0,0.0,0.0,3.0,3.0
39,Marcos Rojo,Manchester United,78,LB,74.0,74,74,61.0,59,52,63,64,79,49,67.0,78,67,57,74,69,57,69,69,62,68,74,0,81.0,83,79,79,82,82,83.25,88,85,77,83,5.0,11.0,43.0,0.74,0.0,3.0,28.0,32.0,14.0,0.0,88.0,89.0,73.0,4.0,30.0,24.0,0.0,0.0,1.0,700.0,43.75,1.0,53.0,0.21,0.0,26.0,3.0,0.0,20.0,1.0,0.0,0.0,0.0,0.0,0.0
40,Danny Rose,Tottenham Hotspur,78,LB,81.5,80,83,63.33333333,62,57,69,57,71,64,66.5,78,63,49,65,74,70,78,71,76,75,76,0,75.2,60,74,78,81,83,74.5,76,71,80,71,8.0,19.0,67.0,0.84,0.0,8.0,39.0,79.0,48.0,0.0,146.0,160.0,121.0,28.0,23.0,20.0,0.0,1.0,3.0,1062.0,44.25,6.0,88.0,0.14,1.0,49.0,7.0,0.0,41.0,1.0,1.0,0.0,0.0,1.0,0.0
41,Kolo Toure,Liverpool,78,CB,67.5,67,68,56.5,46,56,66,57,78,36,61.16666667,41,60,73,65,71,57,53,31,67,62,71,0,79.0,77,78,78,80,82,78.25,85,77,66,85,2.0,14.0,22.0,0.77,1.0,2.0,25.0,45.0,9.0,0.0,58.0,40.0,23.0,7.0,9.0,14.0,0.0,0.0,0.0,465.0,33.21,0.0,1.0,0.0,0.0,22.0,1.0,0.0,2.0,0.0,1.0,1.0,0.0,0.0,0.0
42,Robert Huth,Leicester City,78,CB,42.5,32,53,53.16666667,34,46,54,54,75,56,47.16666667,31,30,61,68,61,32,31,26,42,53,76,0,80.0,83,80,78,82,77,77.75,91,51,76,93,15.0,32.0,41.0,0.76,0.0,4.0,76.0,258.0,109.0,0.0,147.0,175.0,114.0,3.0,116.0,67.0,0.0,0.0,0.0,810.0,23.14,1.0,0.0,0.0,0.0,34.0,8.0,0.0,35.0,3.0,3.0,2.0,1.0,0.0,0.0
43,Wes Morgan,Leicester City,78,CB,51.5,48,55,30.83333333,39,19,35,17,52,23,33.33333333,17,14,18,44,56,51,56,31,52,62,78,0,78.4,75,78,80,83,76,79.75,79,76,73,91,15.0,36.0,51.0,0.67,0.0,6.0,95.0,216.0,110.0,1.0,135.0,167.0,101.0,10.0,93.0,64.0,0.0,1.0,0.0,818.0,21.53,0.0,0.0,0.0,2.0,46.0,3.0,0.0,27.0,0.0,2.0,2.0,0.0,0.0,0.0
44,Scott Dann,Crystal Palace,78,CB,51.5,49,54,35.5,36,34,32,30,52,29,46.33333333,30,30,29,65,69,55,38,50,56,66,78,0,80.4,83,80,80,81,78,74.25,73,68,74,82,8.0,44.0,35.0,0.69,1.0,4.0,62.0,179.0,94.0,2.0,138.0,170.0,113.0,10.0,115.0,75.0,0.0,1.0,1.0,1116.0,31.89,0.0,5.0,0.2,0.0,131.0,7.0,0.0,20.0,5.0,5.0,3.0,1.0,1.0,1.0
45,Jonny Evans,West Bromwich Albion,78,CB,68.0,69,67,35.5,28,28,25,44,42,46,48.0,52,32,25,62,72,45,39,50,57,68,78,0,80.6,81,81,78,81,82,75.0,78,80,69,73,7.0,34.0,74.0,0.7,1.0,3.0,92.0,104.0,57.0,0.0,190.0,172.0,90.0,22.0,54.0,30.0,0.0,0.0,1.0,984.0,32.8,1.0,22.0,0.55,1.0,112.0,4.0,0.0,23.0,0.0,1.0,0.0,1.0,0.0,0.0
46,Ryan Bertrand,Southampton,78,LB,78.0,79,77,50.83333333,62,35,54,52,59,43,65.83333333,79,67,52,70,76,51,74,76,71,76,76,0,77.6,69,77,79,81,82,73.5,73,71,79,71,9.0,33.0,43.0,0.74,0.0,3.0,72.0,88.0,38.0,1.0,133.0,124.0,120.0,17.0,37.0,32.0,0.0,0.0,3.0,1121.0,35.03,6.0,146.0,0.19,1.0,56.0,6.0,0.0,30.0,0.0,1.0,0.0,0.0,1.0,0.0
47,Luke Shaw,Manchester United,78,LB,81.5,79,84,46.16666667,69,32,42,53,50,31,66.83333333,76,63,58,64,75,65,79,80,70,76,76,0,76.2,67,75,78,81,80,71.25,64,63,81,77,3.0,3.0,9.0,1.0,0.0,0.0,5.0,19.0,13.0,0.0,40.0,32.0,43.0,6.0,14.0,17.0,0.0,0.0,1.0,271.0,54.2,1.0,13.0,0.38,1.0,13.0,1.0,0.0,8.0,1.0,0.0,0.0,0.0,0.0,0.0
48,Gabriel,Arsenal,78,CB,70.0,68,72,53.16666667,51,51,57,51,61,48,61.16666667,67,55,46,69,69,61,60,69,71,65,78,0,79.8,77,79,80,83,80,75.0,74,75,74,77,10.0,16.0,43.0,0.65,3.0,1.0,61.0,112.0,38.0,0.0,134.0,106.0,57.0,3.0,51.0,32.0,0.0,1.0,0.0,1110.0,52.86,0.0,0.0,0.0,1.0,34.0,4.0,1.0,9.0,0.0,1.0,1.0,0.0,0.0,1.0
49,Hector Bellerin,Arsenal,77,RB,95.0,96,94,52.83333333,67,52,43,62,52,41,63.33333333,72,63,50,59,74,62,74,84,77,76,75,0,71.8,60,75,74,75,75,69.25,72,65,79,61,18.0,33.0,58.0,0.81,0.0,5.0,66.0,85.0,31.0,0.0,164.0,166.0,147.0,62.0,39.0,39.0,0.0,0.0,5.0,1689.0,46.92,9.0,109.0,0.17,9.0,33.0,3.0,0.0,19.0,1.0,1.0,0.0,0.0,1.0,1.0
50,Chancel Mbemba,Newcastle United,77,CB,79.0,79,79,50.33333333,56,57,42,31,79,37,46.5,52,29,28,64,63,43,69,68,63,71,74,0,77.2,75,71,78,83,79,79.0,74,85,74,83,7.0,53.0,77.0,0.81,3.0,3.0,96.0,231.0,99.0,0.0,151.0,157.0,112.0,20.0,48.0,54.0,0.0,2.0,0.0,1147.0,34.76,0.0,10.0,0.4,0.0,110.0,5.0,0.0,21.0,0.0,0.0,0.0,0.0,0.0,0.0
51,Abdul Rahman Baba,Chelsea,77,LB,85.5,85,86,48.83333333,56,48,47,42,59,41,60.83333333,80,67,23,67,73,55,76,78,74,77,74,0,73.8,67,72,73,79,78,74.25,73,74,79,71,2.0,13.0,47.0,0.83,0.0,1.0,23.0,32.0,13.0,1.0,76.0,67.0,65.0,8.0,8.0,13.0,0.0,1.0,1.0,526.0,35.07,0.0,31.0,0.16,0.0,18.0,1.0,0.0,14.0,2.0,0.0,0.0,0.0,0.0,0.0
52,Sylvain Distin,Bournemouth,77,CB,62.5,60,65,42.66666667,48,30,31,47,41,59,50.0,40,37,36,64,66,57,51,50,34,61,71,0,78.8,82,75,80,79,78,73.25,77,63,67,86,1.0,21.0,19.0,0.63,0.0,1.0,24.0,47.0,18.0,0.0,40.0,59.0,27.0,6.0,33.0,19.0,0.0,0.0,0.0,450.0,37.5,0.0,0.0,0.0,0.0,18.0,0.0,0.0,3.0,1.0,0.0,0.0,0.0,0.0,0.0
53,Glen Johnson,Stoke City,77,RB,77.5,78,77,65.16666667,68,58,70,60,79,56,68.5,75,69,54,70,75,68,78,73,68,76,74,0,74.2,68,69,77,77,80,75.75,75,77,79,72,9.0,29.0,41.0,0.78,0.0,5.0,51.0,27.0,15.0,1.0,134.0,100.0,102.0,33.0,17.0,11.0,0.0,0.0,3.0,895.0,35.8,6.0,56.0,0.16,2.0,33.0,1.0,0.0,11.0,4.0,0.0,0.0,0.0,0.0,0.0
54,Alberto Moreno,Liverpool,77,LB,87.0,87,87,61.66666667,73,65,70,54,73,35,63.5,83,59,40,64,77,58,77,86,87,81,74,0,71.2,61,73,72,74,76,73.75,71,85,85,54,6.0,36.0,92.0,0.75,1.0,13.0,63.0,48.0,9.0,0.0,138.0,143.0,122.0,16.0,14.0,15.0,0.0,0.0,4.0,1323.0,41.34,3.0,138.0,0.26,1.0,85.0,3.0,0.0,29.0,6.0,1.0,0.0,0.0,1.0,1.0
55,Jonas Olsson,West Bromwich Albion,77,CB,51.5,50,53,54.16666667,50,56,57,51,61,50,60.83333333,60,59,60,61,70,55,47,34,42,64,80,0,78.4,80,81,77,79,75,73.5,82,68,62,82,5.0,28.0,16.0,0.69,1.0,0.0,45.0,127.0,65.0,0.0,59.0,73.0,49.0,2.0,48.0,21.0,1.0,1.0,1.0,576.0,20.57,1.0,0.0,0.0,0.0,59.0,5.0,0.0,22.0,2.0,1.0,1.0,0.0,0.0,1.0
56,Jose Holebas,Watford,77,LB,82.0,78,86,68.16666667,71,61,82,57,88,50,68.33333333,77,69,71,69,70,54,73,76,75,75,71,0,75.6,74,68,78,77,81,79.75,82,74,84,79,1.0,16.0,25.0,0.76,0.0,8.0,30.0,34.0,13.0,0.0,83.0,76.0,54.0,22.0,24.0,8.0,0.0,0.0,0.0,413.0,37.55,0.0,26.0,0.12,0.0,26.0,2.0,0.0,8.0,0.0,0.0,0.0,0.0,0.0,0.0
57,Daryl Janmaat,Newcastle United,77,RB,74.5,74,75,65.33333333,68,55,64,62,76,67,66.83333333,73,64,56,68,70,70,74,72,66,76,79,0,75.0,70,74,76,78,77,80.5,84,71,92,75,3.0,60.0,80.0,0.78,0.0,8.0,56.0,83.0,29.0,0.0,157.0,153.0,134.0,38.0,27.0,28.0,0.0,0.0,4.0,1252.0,39.13,5.0,144.0,0.19,3.0,79.0,5.0,1.0,29.0,5.0,2.0,0.0,2.0,0.0,0.0
58,Allan-Romeo Nyom,Watford,77,RB,77.0,76,78,50.16666667,51,27,66,37,76,44,59.33333333,75,68,30,64,65,54,62,50,50,72,73,0,77.4,69,75,77,84,82,77.5,80,57,86,87,9.0,34.0,84.0,0.89,0.0,3.0,60.0,70.0,20.0,0.0,187.0,147.0,111.0,27.0,13.0,20.0,0.0,1.0,1.0,860.0,26.88,1.0,85.0,0.13,1.0,58.0,8.0,0.0,36.0,0.0,0.0,0.0,0.0,0.0,0.0
59,Fabricio Coloccini,Newcastle United,77,CB,63.0,64,62,54.5,37,44,70,58,60,58,58.16666667,53,58,56,66,70,46,60,56,62,61,78,0,77.0,81,75,75,77,77,75.75,82,80,66,75,5.0,47.0,43.0,0.74,0.0,3.0,61.0,97.0,42.0,1.0,106.0,88.0,77.0,4.0,32.0,33.0,1.0,0.0,0.0,849.0,32.65,0.0,4.0,0.0,0.0,79.0,2.0,1.0,9.0,0.0,1.0,0.0,1.0,0.0,1.0
60,Philipp Wollscheid,Stoke City,77,CB,51.0,50,52,38.33333333,38,40,19,42,57,34,44.0,30,29,23,60,70,52,33,46,34,48,77,0,79.8,86,79,77,80,77,71.0,80,59,62,83,10.0,43.0,74.0,0.7,1.0,1.0,75.0,164.0,83.0,0.0,136.0,172.0,90.0,11.0,71.0,42.0,0.0,1.0,0.0,1220.0,39.35,0.0,0.0,0.0,0.0,89.0,2.0,0.0,17.0,0.0,0.0,0.0,0.0,0.0,0.0
61,Virgil van Dijk,Southampton,77,CB,66.5,66,67,58.0,41,55,64,64,81,43,64.83333333,53,60,70,76,71,59,69,57,51,70,69,0,76.8,74,78,77,81,74,78.5,74,76,72,92,10.0,36.0,59.0,0.75,1.0,4.0,96.0,260.0,152.0,0.0,163.0,249.0,103.0,16.0,163.0,58.0,0.0,0.0,0.0,1388.0,40.82,3.0,2.0,0.5,0.0,119.0,2.0,0.0,28.0,2.0,3.0,1.0,0.0,2.0,5.0
62,John Stones,Everton,77,CB,74.0,74,74,38.0,48,29,41,37,46,27,53.83333333,62,26,29,68,79,59,66,63,57,76,76,0,77.8,74,75,79,80,81,74.0,70,72,76,78,8.0,45.0,46.0,0.78,1.0,1.0,56.0,127.0,75.0,1.0,180.0,147.0,74.0,23.0,53.0,30.0,0.0,3.0,0.0,1566.0,47.45,4.0,4.0,0.5,1.0,144.0,3.0,0.0,11.0,0.0,0.0,0.0,0.0,0.0,0.0
63,Christian Fuchs,Leicester City,76,LB,67.0,66,68,71.83333333,74,57,79,68,83,70,79.83333333,88,86,84,72,77,72,67,66,60,74,73,0,76.0,76,76,75,77,76,77.25,78,76,78,77,15.0,20.0,99.0,0.78,0.0,6.0,98.0,122.0,55.0,1.0,215.0,167.0,137.0,7.0,49.0,34.0,0.0,0.0,4.0,1180.0,36.88,7.0,127.0,0.27,4.0,91.0,4.0,0.0,33.0,0.0,0.0,0.0,0.0,0.0,0.0
64,Ben Davies,Tottenham Hotspur,76,LB,78.0,79,77,49.66666667,60,51,43,54,53,37,64.83333333,73,60,48,67,74,67,72,74,65,75,70,0,75.0,63,73,80,79,80,71.25,61,72,83,69,5.0,16.0,32.0,0.69,0.0,3.0,28.0,61.0,29.0,0.0,52.0,69.0,66.0,6.0,25.0,24.0,0.0,0.0,2.0,623.0,36.65,2.0,42.0,0.21,2.0,26.0,3.0,0.0,16.0,0.0,0.0,0.0,0.0,0.0,1.0
65,Angel Rangel,Swansea City,76,RB,62.0,64,60,58.0,65,56,59,59,66,43,68.66666667,80,63,57,71,70,71,73,68,55,75,75,0,78.6,76,82,78,80,77,74.5,68,75,79,76,4.0,29.0,43.0,0.84,0.0,3.0,59.0,72.0,31.0,0.0,120.0,106.0,79.0,13.0,36.0,25.0,0.0,0.0,0.0,1278.0,55.57,0.0,47.0,0.23,0.0,65.0,6.0,0.0,19.0,2.0,0.0,0.0,0.0,0.0,1.0
66,Steven Taylor,Newcastle United,76,CB,53.0,54,52,37.33333333,20,32,24,46,43,59,50.5,48,49,53,51,64,38,39,31,55,60,77,0,78.0,77,78,77,80,78,74.0,81,67,69,79,8.0,46.0,41.0,0.78,0.0,6.0,63.0,69.0,27.0,0.0,158.0,107.0,124.0,12.0,28.0,30.0,0.0,0.0,1.0,1284.0,37.76,1.0,73.0,0.23,0.0,69.0,4.0,0.0,38.0,0.0,0.0,0.0,0.0,0.0,0.0
67,Steven Taylor,Newcastle United,76,CB,53.0,54,52,37.33333333,20,32,24,46,43,59,50.5,48,49,53,51,64,38,39,31,55,60,77,0,78.0,77,78,77,80,78,74.0,81,67,69,79,2.0,17.0,3.0,0.67,0.0,1.0,17.0,37.0,18.0,0.0,33.0,16.0,15.0,2.0,7.0,8.0,1.0,0.0,0.0,324.0,32.4,0.0,0.0,0.0,0.0,16.0,1.0,0.0,3.0,0.0,0.0,0.0,0.0,0.0,0.0
68,Sebastian Prodl,Watford,76,CB,52.5,53,52,34.5,37,34,32,35,47,22,44.16666667,44,32,38,49,56,46,30,34,33,54,73,0,77.8,85,74,77,80,73,71.5,83,50,65,88,5.0,28.0,23.0,0.91,0.0,1.0,64.0,93.0,26.0,1.0,56.0,57.0,59.0,0.0,29.0,24.0,0.0,0.0,0.0,509.0,24.24,0.0,1.0,1.0,0.0,58.0,5.0,0.0,23.0,0.0,2.0,1.0,0.0,1.0,0.0
69,Geoff Cameron,Stoke City,76,CB,73.5,78,69,59.83333333,62,54,59,63,65,56,65.33333333,60,60,60,66,73,73,67,76,53,70,71,0,77.2,73,78,77,81,77,76.5,77,77,77,75,4.0,39.0,60.0,0.73,2.0,7.0,56.0,98.0,59.0,0.0,166.0,166.0,128.0,28.0,70.0,40.0,0.0,0.0,0.0,1128.0,37.6,1.0,16.0,0.06,3.0,41.0,0.0,1.0,27.0,0.0,0.0,0.0,0.0,0.0,0.0
70,Kieran Trippier,Tottenham Hotspur,76,RB,78.0,78,78,55.0,59,45,66,39,77,44,72.33333333,80,72,71,70,71,70,72,78,76,70,71,0,74.2,70,75,76,74,76,73.25,66,73,85,69,1.0,4.0,14.0,0.86,0.0,0.0,11.0,12.0,6.0,0.0,29.0,36.0,20.0,3.0,11.0,8.0,0.0,0.0,1.0,265.0,44.17,0.0,34.0,0.21,0.0,11.0,1.0,0.0,3.0,0.0,1.0,0.0,1.0,0.0,0.0
71,Joel Ward,Crystal Palace,76,RB,75.5,75,76,52.66666667,64,46,63,40,70,33,61.16666667,73,43,34,72,77,68,64,66,63,70,73,0,78.0,75,77,80,80,78,73.75,74,66,77,78,6.0,41.0,62.0,0.85,0.0,2.0,69.0,109.0,45.0,0.0,152.0,161.0,137.0,18.0,55.0,41.0,0.0,0.0,1.0,1001.0,33.37,3.0,56.0,0.21,1.0,59.0,4.0,0.0,36.0,0.0,2.0,1.0,1.0,0.0,0.0
72,Steven Caulker, Liverpool,76,CB,72.5,68,77,31.5,25,32,23,50,42,17,51.16666667,45,59,25,66,69,43,56,64,57,66,73,0,76.8,74,75,76,80,79,75.5,67,74,77,84,1.0,2.0,2.0,1.0,0.0,1.0,6.0,14.0,6.0,0.0,7.0,11.0,8.0,0.0,9.0,7.0,0.0,0.0,0.0,68.0,11.33,0.0,1.0,0.0,0.0,1.0,0.0,0.0,0.0,0.0,0.0,0.0,0.0,0.0,0.0
73,Antonio Valencia,Manchester United,75,RB,81.0,79,83,65.83333333,72,58,59,55,82,69,71.83333333,82,69,66,69,75,70,82,79,79,79,79,0,66.2,60,70,65,69,67,75.25,80,64,82,75,4.0,6.0,27.0,0.78,0.0,3.0,15.0,18.0,7.0,0.0,57.0,67.0,42.0,16.0,18.0,8.0,0.0,0.0,3.0,584.0,41.71,1.0,35.0,0.26,1.0,22.0,1.0,0.0,16.0,2.0,0.0,0.0,0.0,0.0,0.0
74,James Collins,West Ham United,75,CB,42.5,51,34,46.66666667,34,38,51,51,70,36,52.16666667,38,29,64,65,59,58,38,33,34,59,72,0,77.0,81,75,74,78,77,74.5,84,62,67,85,5.0,14.0,18.0,0.83,0.0,3.0,19.0,151.0,83.0,1.0,59.0,76.0,50.0,3.0,51.0,27.0,0.0,0.0,0.0,574.0,30.21,0.0,0.0,0.0,0.0,55.0,3.0,1.0,12.0,1.0,0.0,0.0,0.0,0.0,0.0
75,Marc Muniesa,Stoke City,75,CB,65.0,62,68,44.66666667,61,42,37,50,46,32,60.33333333,67,66,40,56,72,61,63,62,66,73,70,0,75.4,70,78,74,78,77,75.75,78,83,74,68,0.0,24.0,28.0,0.61,2.0,0.0,35.0,44.0,21.0,0.0,65.0,53.0,46.0,6.0,11.0,15.0,0.0,0.0,0.0,530.0,35.33,0.0,11.0,0.18,1.0,31.0,2.0,0.0,10.0,0.0,0.0,0.0,0.0,0.0,0.0
76,Gareth McAuley,West Bromwich Albion,75,CB,43.0,52,34,40.16666667,45,50,30,49,44,23,46.16666667,49,39,33,51,53,52,27,34,33,66,75,0,76.8,81,76,77,81,69,73.0,79,67,67,79,10.0,41.0,45.0,0.76,2.0,1.0,95.0,172.0,84.0,2.0,135.0,161.0,97.0,9.0,93.0,46.0,1.0,0.0,0.0,849.0,24.97,1.0,4.0,0.0,1.0,99.0,4.0,1.0,32.0,2.0,1.0,1.0,0.0,0.0,1.0
77,Jordi Amat,Swansea City,75,CB,64.0,60,68,43.33333333,30,34,65,28,75,28,47.33333333,31,40,36,52,66,59,50,59,58,65,70,0,76.0,74,71,78,77,80,76.75,82,78,68,79,0.0,5.0,7.0,1.0,0.0,0.0,16.0,28.0,13.0,0.0,22.0,20.0,13.0,2.0,7.0,8.0,0.0,0.0,0.0,193.0,24.13,0.0,0.0,0.0,0.0,12.0,0.0,0.0,4.0,0.0,0.0,0.0,0.0,0.0,0.0
78,Erik Pieters,Stoke City,75,LB,68.0,67,69,46.5,61,32,36,65,51,34,64.66666667,64,67,56,64,75,62,64,65,57,73,71,0,77.4,73,76,77,80,81,76.75,85,68,78,76,10.0,45.0,116.0,0.78,0.0,2.0,95.0,93.0,36.0,0.0,200.0,219.0,159.0,8.0,47.0,44.0,0.0,1.0,1.0,1504.0,42.97,3.0,103.0,0.13,1.0,60.0,10.0,0.0,58.0,0.0,0.0,0.0,0.0,0.0,0.0
79,Ramiro Funes Mori,Everton,75,CB,72.0,69,75,46.83333333,49,27,59,52,69,25,57.33333333,73,49,58,55,62,47,63,66,61,64,71,0,75.4,77,71,75,78,76,78.25,81,78,75,79,6.0,35.0,41.0,0.76,1.0,2.0,66.0,217.0,91.0,0.0,146.0,139.0,75.0,12.0,76.0,45.0,0.0,0.0,1.0,1238.0,44.21,1.0,6.0,0.67,0.0,107.0,4.0,1.0,8.0,2.0,4.0,2.0,1.0,1.0,0.0
80,Sebastien Pocognoli,West Bromwich Albion,75,LB,77.5,78,77,61.83333333,67,50,64,58,73,59,69.0,77,73,69,68,69,58,74,76,69,70,75,0,71.8,63,68,74,76,78,77.75,77,79,84,71,0.0,0.0,0.0,0.0,0.0,0.0,1.0,3.0,2.0,0.0,3.0,2.0,2.0,0.0,2.0,1.0,0.0,0.0,1.0,19.0,19.0,0.0,3.0,0.67,0.0,1.0,0.0,0.0,0.0,0.0,0.0,0.0,0.0,0.0,0.0
81,Pape Souare,Crystal Palace,75,LB,81.5,85,78,53.33333333,70,39,54,49,65,43,72.83333333,75,75,73,76,74,64,74,60,74,75,73,0,74.6,77,67,75,76,78,79.75,79,91,79,70,7.0,45.0,32.0,0.72,0.0,3.0,84.0,122.0,26.0,0.0,191.0,105.0,100.0,17.0,26.0,24.0,1.0,0.0,1.0,1165.0,34.26,4.0,137.0,0.18,0.0,75.0,6.0,1.0,25.0,1.0,0.0,0.0,0.0,0.0,0.0
82,James Tomkins,West Ham United,75,CB,62.5,64,61,35.66666667,45,29,29,43,40,28,46.66666667,45,33,31,60,61,50,50,51,53,58,73,0,77.6,78,74,77,79,80,74.5,73,74,75,76,8.0,24.0,62.0,0.68,0.0,1.0,54.0,101.0,45.0,0.0,118.0,116.0,64.0,5.0,34.0,20.0,0.0,2.0,0.0,835.0,33.4,2.0,15.0,0.27,0.0,67.0,4.0,0.0,17.0,0.0,0.0,0.0,0.0,0.0,0.0
83,Damien Delaney,Crystal Palace,74,CB,47.0,46,48,44.5,33,32,59,66,49,28,49.33333333,54,32,49,62,54,45,25,30,41,55,71,0,76.0,76,73,77,76,78,75.25,83,58,75,85,5.0,46.0,31.0,0.74,1.0,2.0,56.0,204.0,111.0,0.0,124.0,145.0,93.0,4.0,96.0,61.0,2.0,1.0,3.0,1055.0,32.97,5.0,7.0,0.29,0.0,114.0,2.0,0.0,18.0,0.0,2.0,1.0,1.0,0.0,1.0
84,Aaron Cresswell,West Ham United,74,LB,78.5,79,78,57.5,60,53,62,59,71,40,70.66666667,80,70,69,68,71,66,73,78,90,71,67,0,70.8,58,67,76,75,78,72.0,68,85,79,56,11.0,50.0,38.0,0.61,0.0,10.0,70.0,88.0,41.0,1.0,168.0,121.0,109.0,12.0,40.0,34.0,0.0,3.0,4.0,1377.0,37.22,4.0,121.0,0.26,1.0,115.0,1.0,0.0,22.0,1.0,2.0,0.0,0.0,2.0,1.0
85,Martin Kelly,Crystal Palace,74,RB,69.0,69,69,46.83333333,42,38,38,58,66,39,57.33333333,73,60,35,64,73,39,61,59,56,66,72,0,76.6,77,68,77,81,80,73.75,71,69,76,79,3.0,15.0,32.0,0.81,0.0,1.0,18.0,38.0,11.0,0.0,48.0,45.0,41.0,1.0,10.0,9.0,0.0,0.0,0.0,379.0,29.15,0.0,17.0,0.18,0.0,16.0,3.0,0.0,11.0,0.0,0.0,0.0,0.0,0.0,0.0
86,Kyle Naughton,Swansea City,74,RB,75.5,76,75,53.0,54,45,52,47,68,52,56.66666667,71,43,28,66,73,59,64,71,71,68,70,0,74.2,70,73,71,78,79,70.75,68,73,74,68,4.0,26.0,40.0,0.65,0.0,3.0,48.0,65.0,16.0,0.0,105.0,105.0,103.0,13.0,31.0,28.0,0.0,0.0,3.0,1081.0,40.04,2.0,64.0,0.19,0.0,41.0,2.0,1.0,23.0,0.0,0.0,0.0,0.0,0.0,0.0
87,Miguel Angel Britos,Watford,74,CB,54.5,54,55,32.5,24,37,31,51,30,22,49.5,43,47,52,64,60,31,47,49,54,58,66,0,76.2,74,75,77,79,76,74.75,76,83,61,79,7.0,28.0,25.0,0.56,0.0,0.0,60.0,126.0,43.0,0.0,81.0,109.0,68.0,7.0,62.0,36.0,0.0,1.0,0.0,786.0,32.75,0.0,2.0,1.0,0.0,103.0,7.0,0.0,19.0,0.0,0.0,0.0,0.0,0.0,0.0
88,Cristian Gamboa,West Bromwich Albion,74,RB,88.5,89,88,58.5,65,44,48,54,78,62,64.0,69,67,54,66,68,60,69,78,82,73,78,0,68.2,57,71,73,71,69,77.75,80,83,84,64,0.0,0.0,2.0,0.5,0.0,0.0,2.0,0.0,0.0,0.0,3.0,3.0,2.0,0.0,0.0,0.0,0.0,0.0,0.0,12.0,12.0,0.0,2.0,0.0,0.0,0.0,1.0,0.0,1.0,1.0,0.0,0.0,0.0,0.0,0.0
89,Tony Hibbert,Everton,72,RB,54.0,54,54,26.5,58,12,18,22,30,19,47.5,66,21,29,56,58,55,22,52,78,60,71,0,78.4,69,81,77,82,83,77.0,87,73,77,71,0.0,0.0,1.0,1.0,0.0,0.0,3.0,0.0,0.0,0.0,4.0,1.0,4.0,0.0,0.0,1.0,0.0,0.0,0.0,17.0,17.0,0.0,0.0,0.0,0.0,1.0,0.0,0.0,0.0,0.0,0.0,0.0,0.0,0.0,0.0
90,Simon Francis,Bournemouth,72,RB,71.5,73,70,46.5,58,25,62,44,64,26,63.33333333,75,51,61,64,70,59,69,60,60,73,65,0,71.2,68,68,73,77,70,69.75,73,50,79,77,6.0,67.0,105.0,0.73,0.0,3.0,88.0,206.0,118.0,2.0,231.0,254.0,163.0,30.0,108.0,62.0,0.0,0.0,4.0,2106.0,55.42,1.0,100.0,0.25,0.0,179.0,5.0,1.0,35.0,2.0,0.0,0.0,0.0,0.0,0.0
91,Steve Cook,Bournemouth,72,CB,63.0,64,62,23.5,12,20,13,20,47,29,41.16666667,40,22,22,60,68,35,54,56,70,68,69,0,71.0,69,68,71,76,71,71.75,74,66,68,79,7.0,63.0,33.0,0.58,0.0,5.0,84.0,298.0,176.0,0.0,162.0,166.0,98.0,3.0,123.0,64.0,0.0,1.0,0.0,1577.0,43.81,1.0,1.0,0.0,0.0,175.0,5.0,0.0,16.0,2.0,4.0,2.0,2.0,0.0,0.0
92,Maya Yoshida,Southampton,72,CB,66.0,67,65,46.16666667,42,34,41,54,50,56,43.16666667,23,38,33,52,63,50,57,74,62,63,73,0,73.6,75,67,74,76,76,75.25,66,85,75,75,4.0,18.0,13.0,0.62,2.0,0.0,33.0,67.0,24.0,0.0,69.0,40.0,29.0,0.0,22.0,10.0,0.0,3.0,0.0,485.0,24.25,0.0,7.0,0.14,0.0,42.0,0.0,0.0,7.0,0.0,1.0,0.0,1.0,0.0,0.0
93,Matt Miazga,Chelsea,72,CB,66.0,68,64,29.16666667,27,16,36,33,35,28,38.5,27,29,21,55,67,32,54,63,44,64,67,0,72.2,68,69,76,74,74,74.5,75,78,68,77,1.0,1.0,3.0,1.0,0.0,0.0,2.0,9.0,4.0,0.0,5.0,11.0,10.0,0.0,7.0,8.0,0.0,1.0,0.0,90.0,45.0,0.0,0.0,0.0,0.0,3.0,1.0,0.0,1.0,1.0,0.0,0.0,0.0,0.0,0.0
94,Brede Hangeland,Crystal Palace,72,CB,31.5,33,30,39.5,19,34,39,44,63,38,43.83333333,34,37,40,59,66,27,35,22,28,54,72,0,74.8,80,73,71,76,74,65.25,77,29,69,86,3.0,6.0,10.0,0.7,1.0,1.0,10.0,60.0,31.0,0.0,26.0,45.0,27.0,6.0,26.0,12.0,0.0,1.0,0.0,242.0,34.57,0.0,0.0,0.0,0.0,12.0,2.0,0.0,13.0,2.0,0.0,0.0,0.0,0.0,0.0
95,Marcin Wasilewski,Leicester City,72,CB,40.0,32,48,56.33333333,49,47,54,72,79,37,57.16666667,67,54,67,54,58,43,37,33,34,48,61,0,73.2,78,75,69,71,73,73.0,88,58,59,87,0.0,6.0,10.0,0.6,0.0,0.0,9.0,17.0,6.0,0.0,9.0,18.0,14.0,0.0,8.0,5.0,0.0,0.0,0.0,73.0,18.25,0.0,0.0,0.0,0.0,4.0,2.0,0.0,4.0,0.0,0.0,0.0,0.0,0.0,0.0
96,Phil Bardsley,Stoke City,72,RB,67.0,67,67,58.5,56,47,66,56,83,43,52.66666667,65,66,33,59,68,25,61,68,62,67,74,0,72.6,67,67,74,76,79,78.0,85,75,78,74,0.0,18.0,31.0,0.81,1.0,2.0,18.0,32.0,7.0,0.0,28.0,61.0,29.0,3.0,12.0,3.0,0.0,0.0,1.0,300.0,27.27,1.0,14.0,0.14,1.0,17.0,1.0,0.0,12.0,0.0,0.0,0.0,0.0,0.0,0.0
97,Massadio Haidara,Newcastle United,72,LB,76.0,78,74,51.66666667,53,41,45,55,79,37,61.83333333,67,52,75,60,68,49,74,59,71,70,66,0,70.8,59,68,73,76,78,72.75,74,67,75,75,1.0,9.0,12.0,0.92,0.0,1.0,19.0,18.0,4.0,0.0,32.0,34.0,28.0,5.0,7.0,4.0,0.0,0.0,0.0,230.0,32.86,0.0,21.0,0.19,0.0,10.0,1.0,0.0,9.0,0.0,0.0,0.0,0.0,0.0,0.0
98,Jon Flanagan,Liverpool,72,RB,72.5,72,73,39.83333333,52,43,32,47,35,30,50.5,66,34,26,62,67,48,66,71,69,73,69,0,72.6,62,68,75,78,80,74.25,88,65,73,71,2.0,5.0,11.0,0.82,0.0,0.0,9.0,17.0,5.0,0.0,27.0,21.0,31.0,2.0,7.0,5.0,0.0,1.0,1.0,254.0,50.8,0.0,7.0,0.14,0.0,5.0,1.0,0.0,7.0,0.0,0.0,0.0,0.0,0.0,0.0
99,Danny Simpson,Leicester City,72,RB,73.5,76,71,46.66666667,58,27,54,54,37,50,54.33333333,68,44,32,57,62,63,64,63,81,63,74,0,73.8,70,75,73,76,75,76.25,77,78,79,71,13.0,19.0,52.0,0.79,0.0,2.0,94.0,125.0,53.0,1.0,137.0,131.0,115.0,9.0,59.0,53.0,0.0,0.0,0.0,869.0,28.97,0.0,29.0,0.17,0.0,54.0,3.0,1.0,29.0,0.0,0.0,0.0,0.0,0.0,0.0
100,Calum Chambers,Arsenal,72,RB,66.0,64,68,52.0,54,47,56,54,52,49,61.66666667,70,59,49,65,73,54,68,66,61,73,65,0,72.6,65,68,75,78,77,73.75,83,67,73,72,2.0,3.0,8.0,1.0,0.0,1.0,10.0,21.0,9.0,0.0,28.0,29.0,19.0,5.0,13.0,11.0,1.0,0.0,0.0,195.0,16.25,0.0,1.0,0.0,1.0,6.0,2.0,0.0,6.0,0.0,0.0,0.0,0.0,0.0,0.0
101,Craig Cathcart,Watford,72,CB,66.0,65,67,35.16666667,27,29,41,28,56,30,48.66666667,39,39,39,61,71,43,47,64,58,59,59,0,73.6,74,68,76,77,73,70.75,69,70,71,73,10.0,46.0,45.0,0.76,0.0,2.0,63.0,171.0,87.0,0.0,121.0,132.0,67.0,8.0,68.0,42.0,1.0,1.0,0.0,1032.0,29.49,0.0,3.0,0.33,0.0,116.0,3.0,0.0,9.0,0.0,1.0,0.0,0.0,1.0,0.0
102,Carl Jenkinson,West Ham United,72,RB,76.0,72,80,55.0,67,41,41,49,72,60,63.33333333,73,60,52,64,69,62,68,62,68,68,70,0,70.4,60,69,74,75,74,72.25,71,66,78,74,0.0,23.0,24.0,0.83,1.0,2.0,20.0,54.0,30.0,0.0,68.0,48.0,55.0,7.0,13.0,15.0,1.0,1.0,0.0,505.0,25.25,2.0,34.0,0.21,0.0,31.0,3.0,1.0,13.0,0.0,2.0,0.0,1.0,1.0,0.0
103,Nathan Ake,Watford,72,LB,78.5,77,80,50.33333333,42,41,56,48,63,52,63.0,61,63,59,70,75,50,63,66,63,69,73,0,70.2,67,71,68,74,71,72.75,64,77,74,76,7.0,24.0,79.0,0.67,0.0,3.0,76.0,72.0,26.0,1.0,80.0,135.0,73.0,10.0,34.0,25.0,0.0,0.0,0.0,609.0,25.38,1.0,42.0,0.12,0.0,30.0,4.0,1.0,28.0,0.0,1.0,0.0,0.0,1.0,1.0
104,James Chester,West Bromwich Albion,72,CB,73.0,69,77,37.16666667,44,33,31,52,36,27,53.83333333,54,47,44,61,68,49,59,72,71,63,67,0,72.6,70,68,73,76,76,73.5,72,83,65,74,3.0,18.0,32.0,0.69,0.0,0.0,24.0,50.0,20.0,0.0,46.0,62.0,42.0,3.0,21.0,13.0,0.0,0.0,0.0,327.0,25.15,0.0,14.0,0.07,2.0,10.0,5.0,0.0,11.0,0.0,0.0,0.0,0.0,0.0,0.0
105,Tommy Elphick,Bournemouth,71,CB,48.5,55,42,33.0,26,32,43,29,55,13,46.33333333,46,37,39,50,65,41,50,57,49,69,61,0,71.0,74,61,76,74,70,74.25,77,74,66,80,0.0,23.0,11.0,0.45,0.0,2.0,32.0,52.0,27.0,0.0,39.0,55.0,33.0,0.0,36.0,18.0,0.0,0.0,0.0,457.0,38.08,0.0,0.0,0.0,0.0,27.0,1.0,0.0,10.0,1.0,1.0,1.0,0.0,0.0,0.0
106,Bryan Oviedo,Everton,71,LB,76.0,79,73,61.0,66,61,59,56,66,58,65.33333333,72,59,63,64,68,66,75,79,79,73,72,0,66.4,48,69,73,72,70,72.75,72,82,79,58,3.0,18.0,41.0,0.83,0.0,1.0,20.0,34.0,11.0,0.0,53.0,64.0,61.0,8.0,3.0,14.0,0.0,0.0,1.0,432.0,30.86,2.0,42.0,0.26,1.0,24.0,0.0,0.0,17.0,1.0,0.0,0.0,0.0,0.0,0.0
107,Charlie Daniels,Bournemouth,71,LB,78.5,79,78,50.16666667,63,45,46,67,48,32,66.83333333,72,67,68,64,68,62,69,73,71,67,61,0,68.4,61,65,71,73,72,69.75,51,81,79,68,7.0,63.0,75.0,0.83,0.0,5.0,53.0,76.0,33.0,0.0,203.0,176.0,110.0,57.0,26.0,21.0,0.0,1.0,5.0,1692.0,45.73,3.0,127.0,0.25,1.0,65.0,2.0,0.0,10.0,2.0,3.0,0.0,0.0,3.0,0.0
108,Adrian Mariappa,Crystal Palace,71,RB,73.0,75,71,37.66666667,53,27,34,44,47,21,49.0,57,33,22,61,63,58,59,68,76,65,73,0,74.4,76,65,76,76,79,72.5,58,80,75,77,0.0,7.0,4.0,0.75,0.0,0.0,10.0,12.0,4.0,0.0,20.0,15.0,12.0,3.0,6.0,5.0,0.0,0.0,0.0,117.0,39.0,0.0,2.0,0.5,0.0,7.0,0.0,0.0,3.0,0.0,0.0,0.0,0.0,0.0,0.0
109,Tyrone Mings,Bournemouth,70,LB,78.5,79,78,37.5,57,35,30,32,41,30,54.0,69,45,37,59,60,54,68,73,54,65,67,0,68.2,63,70,67,71,70,73.5,71,64,80,79,0.0,0.0,0.0,0.0,0.0,0.0,2.0,0.0,0.0,0.0,0.0,0.0,1.0,0.0,0.0,0.0,0.0,0.0,0.0,3.0,3.0,0.0,0.0,0.0,0.0,0.0,0.0,0.0,0.0,0.0,0.0,0.0,0.0,0.0,0.0
110,Adam Smith,Bournemouth,70,RB,76.0,78,74,52.66666667,54,43,64,48,67,40,63.33333333,68,59,66,60,69,58,68,75,69,71,70,0,66.8,56,69,71,70,68,63.75,62,53,72,68,6.0,35.0,71.0,0.83,0.0,6.0,44.0,49.0,18.0,0.0,125.0,189.0,139.0,46.0,21.0,32.0,0.0,0.0,0.0,911.0,29.39,1.0,56.0,0.2,1.0,36.0,5.0,0.0,33.0,2.0,2.0,0.0,1.0,1.0,0.0
111,Adam Smith,Bournemouth,70,RB,76.0,78,74,52.66666667,54,43,64,48,67,40,63.33333333,68,59,66,60,69,58,68,75,69,71,70,0,66.8,56,69,71,70,68,63.75,62,53,72,68,0.0,5.0,11.0,0.91,0.0,1.0,3.0,12.0,1.0,0.0,14.0,22.0,21.0,4.0,2.0,5.0,0.0,0.0,0.0,108.0,27.0,0.0,14.0,0.29,0.0,5.0,1.0,1.0,7.0,0.0,0.0,0.0,0.0,0.0,0.0
112,Juan Carlos Paredes,Watford,70,RB,81.5,78,85,48.83333333,40,33,59,52,66,43,54.83333333,62,56,27,67,65,52,69,90,85,67,74,0,66.2,57,70,68,69,67,65.75,55,71,76,61,1.0,12.0,15.0,0.73,0.0,0.0,16.0,13.0,4.0,0.0,51.0,35.0,43.0,9.0,2.0,3.0,0.0,0.0,0.0,264.0,15.53,0.0,29.0,0.24,0.0,18.0,1.0,0.0,10.0,0.0,0.0,0.0,0.0,0.0,0.0
113,Jeffrey Schlupp,Leicester City,69,LB,86.5,87,86,63.0,63,56,53,68,74,64,56.5,64,62,34,54,64,61,74,79,80,69,69,0,64.6,62,65,65,68,63,75.5,68,77,76,81,1.0,24.0,46.0,0.78,0.0,9.0,31.0,21.0,9.0,0.0,93.0,134.0,104.0,41.0,26.0,28.0,0.0,0.0,2.0,461.0,19.21,2.0,45.0,0.22,0.0,38.0,4.0,0.0,15.0,0.0,1.0,0.0,0.0,1.0,0.0
114,Jamaal Lascelles,Newcastle United,69,CB,64.0,65,63,27.16666667,21,23,27,19,40,33,38.83333333,46,29,16,49,54,39,46,77,52,55,66,0,70.6,72,68,71,73,69,72.5,69,80,67,74,3.0,22.0,12.0,0.5,1.0,0.0,28.0,77.0,47.0,0.0,55.0,60.0,29.0,3.0,42.0,13.0,0.0,1.0,0.0,486.0,27.0,0.0,1.0,0.0,0.0,26.0,1.0,1.0,11.0,0.0,2.0,2.0,0.0,0.0,0.0
115,Paul Dummett,Newcastle United,69,LB,68.5,69,68,41.16666667,55,41,35,43,40,33,58.5,61,54,52,64,69,51,66,64,77,69,69,0,70.6,72,61,73,74,73,70.75,65,73,72,73,6.0,28.0,54.0,0.8,0.0,1.0,42.0,88.0,44.0,0.0,64.0,117.0,69.0,7.0,47.0,31.0,0.0,1.0,0.0,673.0,29.26,0.0,34.0,0.21,0.0,48.0,3.0,0.0,13.0,0.0,1.0,0.0,0.0,1.0,1.0
116,Cuco Martina,Southampton,69,RB,73.0,72,74,53.0,53,45,64,51,61,44,54.83333333,51,56,45,56,62,59,62,70,60,61,71,0,71.8,65,69,74,77,74,76.25,71,85,77,72,1.0,15.0,37.0,0.73,0.0,1.0,24.0,34.0,6.0,1.0,67.0,55.0,40.0,1.0,6.0,10.0,0.0,1.0,1.0,428.0,28.53,2.0,37.0,0.27,1.0,41.0,1.0,0.0,15.0,2.0,1.0,0.0,1.0,0.0,0.0
117,Guillermo Varela,Manchester United,68,RB,81.5,84,79,38.33333333,49,30,30,46,37,38,54.33333333,63,63,43,51,63,43,64,76,80,69,60,0,66.6,60,62,66,73,72,68.5,73,71,63,67,1.0,4.0,13.0,0.77,0.0,0.0,13.0,6.0,3.0,0.0,26.0,25.0,28.0,4.0,1.0,6.0,0.0,0.0,0.0,146.0,36.5,0.0,7.0,0.14,0.0,11.0,1.0,0.0,5.0,0.0,0.0,0.0,0.0,0.0,0.0
118,Kyle Bartley,Swansea City,68,CB,65.5,67,64,29.0,25,24,20,46,36,23,41.5,38,33,34,45,61,38,24,46,34,61,59,0,68.2,72,62,68,73,66,71.75,79,51,78,79,0.0,6.0,9.0,0.67,0.0,0.0,6.0,29.0,12.0,0.0,13.0,24.0,8.0,1.0,11.0,3.0,0.0,1.0,0.0,127.0,25.4,0.0,1.0,0.0,0.0,5.0,2.0,0.0,4.0,0.0,0.0,0.0,0.0,0.0,0.0
119,Craig Dawson,West Bromwich Albion,66,RB,67.0,66,68,43.66666667,56,49,14,66,57,20,43.16666667,47,24,24,62,51,51,46,60,50,63,55,0,73.0,77,70,70,77,71,71.5,65,80,67,74,10.0,48.0,59.0,0.69,0.0,11.0,86.0,162.0,93.0,1.0,153.0,212.0,164.0,8.0,119.0,73.0,1.0,0.0,0.0,1115.0,29.34,3.0,130.0,0.22,0.0,81.0,3.0,0.0,28.0,3.0,4.0,3.0,0.0,1.0,1.0
120,Brendan Galloway,Everton,66,LB,81.0,81,81,38.5,34,30,40,44,51,32,49.33333333,54,36,34,55,68,49,49,74,63,66,63,0,64.2,61,59,64,68,69,64.25,59,64,70,64,2.0,20.0,50.0,0.6,0.0,3.0,21.0,30.0,5.0,1.0,58.0,93.0,56.0,7.0,7.0,12.0,0.0,0.0,1.0,396.0,26.4,1.0,13.0,0.23,0.0,9.0,2.0,0.0,9.0,0.0,0.0,0.0,0.0,0.0,0.0
121,Tyias Browning,Everton,66,RB,73.0,69,77,37.5,41,25,35,43,48,33,38.83333333,52,28,17,45,64,27,46,56,55,65,64,0,66.6,64,64,67,72,66,64.75,60,66,64,69,1.0,5.0,9.0,0.89,0.0,1.0,6.0,12.0,5.0,0.0,12.0,14.0,10.0,0.0,4.0,2.0,0.0,0.0,0.0,92.0,18.4,0.0,5.0,0.0,0.0,4.0,1.0,0.0,4.0,0.0,0.0,0.0,0.0,0.0,0.0
122,Matt Targett,Southampton,66,LB,77.5,77,78,40.83333333,49,36,38,51,34,37,58.16666667,70,63,62,55,59,40,64,72,65,61,57,0,64.0,56,63,64,69,68,63.25,61,61,68,63,6.0,10.0,20.0,0.8,0.0,1.0,26.0,33.0,11.0,0.0,61.0,53.0,40.0,5.0,16.0,13.0,0.0,0.0,1.0,404.0,28.86,0.0,44.0,0.25,1.0,40.0,1.0,0.0,4.0,1.0,0.0,0.0,0.0,0.0,0.0
123,Matthew Pennington,Everton,63,CB,58.5,63,54,35.83333333,31,30,26,48,44,36,37.5,31,35,34,39,55,31,46,49,57,50,53,0,62.8,64,59,67,64,60,68.25,60,74,64,75,0.0,7.0,1.0,1.0,1.0,0.0,7.0,17.0,7.0,1.0,26.0,11.0,6.0,3.0,7.0,2.0,0.0,0.0,0.0,169.0,42.25,0.0,1.0,0.0,0.0,9.0,1.0,0.0,2.0,0.0,0.0,0.0,0.0,0.0,0.0
124,Dionatan Teixeira,Stoke City,62,CB,54.5,55,54,34.66666667,31,28,23,46,44,36,37.16666667,35,37,35,31,46,39,30,41,57,41,53,0,65.6,62,60,59,75,72,62.25,55,66,61,67,0.0,1.0,1.0,1.0,0.0,0.0,0.0,3.0,1.0,0.0,3.0,2.0,0.0,0.0,1.0,0.0,0.0,0.0,0.0,7.0,7.0,0.0,0.0,0.0,0.0,0.0,0.0,0.0,0.0,0.0,0.0,0.0,0.0,0.0,0.0
125,Stephen Kingsley,Swansea City,61,LB,70.0,70,70,31.83333333,41,23,29,46,33,19,49.0,56,42,60,41,62,33,55,76,74,52,53,0,59.6,58,53,63,64,60,66.75,55,79,72,61,0.0,3.0,5.0,0.4,0.0,0.0,1.0,20.0,11.0,0.0,11.0,17.0,11.0,6.0,3.0,4.0,1.0,0.0,1.0,110.0,27.5,1.0,17.0,0.41,0.0,6.0,0.0,0.0,2.0,0.0,0.0,0.0,0.0,0.0,0.0
126,Jamie Sterry,Newcastle United,60,RB,72.0,73,71,40.66666667,58,32,34,47,37,36,42.83333333,57,40,40,34,41,45,61,58,68,50,63,0,60.6,55,60,59,65,64,59.75,64,63,56,56,0.0,0.0,0.0,0.0,0.0,0.0,0.0,0.0,0.0,0.0,0.0,0.0,0.0,0.0,0.0,0.0,0.0,0.0,0.0,0.0,0.0,0.0,0.0,0.0,0.0,0.0,0.0,0.0,0.0,0.0,0.0,0.0,0.0,0.0,0.0
127,Jake Clarke-Salter,Chelsea,60,CB,66.5,66,67,33.33333333,28,32,25,41,44,30,38.83333333,36,33,28,54,48,34,31,47,55,46,53,0,63.4,64,61,59,68,65,58.75,45,67,66,57,0.0,0.0,2.0,0.0,0.0,0.0,0.0,0.0,0.0,0.0,0.0,2.0,1.0,0.0,0.0,1.0,0.0,0.0,0.0,6.0,6.0,0.0,0.0,0.0,0.0,0.0,0.0,0.0,0.0,0.0,0.0,0.0,0.0,0.0,0.0
128,Connor Randall,Liverpool,55,RB,66.0,70,62,52.66666667,50,44,58,56,49,59,49.0,37,52,32,57,62,54,58,39,57,57,57,0,50.8,30,54,49,60,61,56.75,57,46,55,69,0.0,3.0,3.0,0.67,0.0,1.0,3.0,0.0,0.0,0.0,8.0,6.0,12.0,0.0,2.0,3.0,0.0,0.0,0.0,82.0,27.33,0.0,1.0,0.0,0.0,5.0,0.0,0.0,2.0,0.0,0.0,0.0,0.0,0.0,0.0
129,Kevin Mbabu,Newcastle United,54,LB,66.0,64,68,31.33333333,41,19,24,35,41,28,31.0,28,31,28,35,34,30,40,46,63,44,48,0,59.2,53,59,58,66,60,60.75,52,71,59,61,0.0,5.0,11.0,0.82,0.0,0.0,3.0,2.0,1.0,0.0,9.0,17.0,11.0,1.0,3.0,2.0,0.0,0.0,0.0,41.0,13.67,0.0,2.0,0.0,0.0,4.0,0.0,0.0,3.0,1.0,0.0,0.0,0.0,0.0,0.0
