,name,team,rating,position,pace,acceleration,sprint_speed,shooting,positioning,finishing,long_shot,penalties,shot_power,volleys,passing,crossing,curve,freekick_accuracy,longpass,shortpass,vision,dribbling,agility,balance,ball_control,reactions,composure,defending,heading_accuracy,interceptions_x,marking,stand_tackle,slide_tackle,physicality,aggression,jumping,stamina,strength,goals,goals per match,headed goals,goals with right foot,goals with left foot,penalties scored,freekicks scored,shots,shots on target,shooting accuracy ,hit woodwork,big chances missed,assists,passes,passes per match,big chances created,crosses,cross accuracy,through balls,accurate long balls,yellow cards,red cards,fouls,offsides,tackles,tackle success,blocked shots,interceptions_y,clearances,headed clearance,recoveries,duels won,duels lost,successful 50/50,aerial battles won,aerial battles lost,errors leading to goal
0,Kevin De Bruyne,Manchester City,91,CAM,77,78,76,85,86,83,88,77,89,82,90,92,85,83,87,91,92,87,82,79,90,90,84,52,54,60,40,58,51,76,73,65,88,73,8.0,0.22,0.0,3.0,5.0,0.0,1.0,94.0,39.0,0.41,4.0,3.0,16.0,2693.0,72.78,19.0,248.0,0.25,41.0,130.0,2.0,0.0,30.0,2.0,62.0,0.69,24.0,25.0,12.0,3.0,207.0,172.0,187.0,63.0,15.0,16.0,0.0
1,David Silva,Manchester City,89,CAM,68,72,65,74,86,73,73,73,71,80,87,83,82,76,81,92,93,89,92,89,91,85,92,41,54,46,27,50,29,63,55,66,81,56,6.0,0.17,0.0,1.0,5.0,0.0,0.0,25.0,14.0,0.56,1.0,3.0,4.0,935.0,26.71,3.0,50.0,0.18,2.0,21.0,0.0,0.0,9.0,0.0,27.0,0.67,1.0,10.0,10.0,1.0,73.0,88.0,84.0,29.0,5.0,14.0,0.0
2,David Silva,Manchester City,89,CAM,68,72,65,74,86,73,73,73,71,80,87,83,82,76,81,92,93,89,92,89,91,85,92,41,54,46,27,50,29,63,55,66,81,56,9.0,0.31,0.0,0.0,9.0,0.0,0.0,54.0,20.0,0.37,1.0,5.0,11.0,2429.0,83.76,14.0,74.0,0.22,18.0,44.0,5.0,0.0,21.0,4.0,32.0,0.66,12.0,18.0,6.0,2.0,135.0,120.0,107.0,38.0,17.0,11.0,0.0
3,David Silva,Manchester City,89,CAM,68,72,65,74,86,73,73,73,71,80,87,83,82,76,81,92,93,89,92,89,91,85,92,41,54,46,27,50,29,63,55,66,81,56,0.0,0.0,0.0,0.0,0.0,0.0,0.0,11.0,2.0,0.18,0.0,0.0,1.0,433.0,36.08,1.0,4.0,0.0,3.0,19.0,3.0,0.0,9.0,0.0,22.0,0.59,5.0,14.0,0.0,0.0,58.0,47.0,68.0,6.0,11.0,19.0,0.0
4,N'Golo Kante,Chelsea,88,CDM,81,82,80,66,71,65,69,54,71,56,76,68,49,49,81,85,79,80,83,90,79,87,84,81,54,91,75,89,85,84,90,79,95,77,1.0,0.03,0.0,1.0,0.0,0.0,0.0,25.0,5.0,0.2,0.0,0.0,1.0,2150.0,63.24,4.0,13.0,0.15,9.0,89.0,3.0,0.0,41.0,1.0,113.0,0.68,14.0,85.0,26.0,10.0,312.0,191.0,179.0,47.0,17.0,32.0,0.0
5,Paul Pogba,Manchester United,88,CM,77,75,78,79,83,73,82,76,90,85,86,80,84,82,88,87,88,85,76,63,89,84,85,69,75,70,64,70,68,88,78,85,91,91,6.0,0.22,1.0,5.0,0.0,0.0,0.0,76.0,18.0,0.24,2.0,6.0,10.0,1721.0,63.74,4.0,28.0,0.14,15.0,110.0,5.0,1.0,44.0,3.0,33.0,0.7,29.0,21.0,25.0,14.0,161.0,208.0,165.0,75.0,51.0,30.0,0.0
6,Christian Eriksen,Tottenham Hotspur,88,CAM,75,77,74,82,83,81,87,67,84,74,88,87,86,86,86,90,90,85,80,82,89,86,87,47,52,56,39,57,22,63,46,55,91,57,10.0,0.27,0.0,4.0,6.0,0.0,0.0,97.0,39.0,0.4,1.0,2.0,10.0,2258.0,61.03,15.0,222.0,0.23,24.0,134.0,0.0,0.0,14.0,1.0,51.0,0.57,37.0,31.0,17.0,3.0,227.0,118.0,177.0,29.0,18.0,27.0,0.0
7,Mesut Ozil,Arsenal,87,CAM,72,75,69,73,82,73,75,67,70,77,86,82,84,78,83,89,91,85,83,70,89,85,78,24,54,24,22,16,19,58,48,52,71,57,4.0,0.15,1.0,0.0,3.0,0.0,0.0,39.0,14.0,0.36,0.0,4.0,8.0,1809.0,69.58,13.0,98.0,0.26,18.0,57.0,4.0,0.0,18.0,12.0,20.0,0.65,13.0,12.0,5.0,2.0,100.0,79.0,92.0,36.0,1.0,12.0,0.0
8,Nemanja Matic,Manchester United,85,CDM,64,62,66,70,69,64,75,69,78,74,78,71,70,67,82,84,75,75,56,53,79,85,84,81,77,85,78,85,75,87,83,71,89,89,1.0,0.03,0.0,0.0,1.0,0.0,0.0,18.0,3.0,0.17,0.0,0.0,1.0,2601.0,72.25,2.0,18.0,0.22,4.0,175.0,6.0,0.0,33.0,2.0,70.0,0.6,5.0,64.0,56.0,27.0,317.0,202.0,148.0,54.0,57.0,28.0,1.0
9,Ilkay Gundogan,Manchester City,85,CM,70,72,69,74,79,72,74,76,77,75,83,74,81,74,83,88,87,85,82,80,87,86,86,64,49,78,57,67,64,71,68,62,71,73,4.0,0.13,1.0,3.0,0.0,1.0,0.0,35.0,11.0,0.31,1.0,1.0,1.0,1402.0,46.73,2.0,8.0,0.25,6.0,34.0,3.0,0.0,14.0,0.0,27.0,0.56,12.0,16.0,10.0,2.0,124.0,75.0,83.0,26.0,4.0,12.0,0.0
10,Riyad Mahrez,Leicester City,84,RM,82,85,80,76,80,76,76,72,79,72,79,81,84,79,76,78,82,89,92,86,89,77,82,32,48,38,27,31,18,58,41,62,76,55,12.0,0.33,1.0,1.0,10.0,0.0,1.0,73.0,36.0,0.49,0.0,5.0,10.0,1276.0,35.44,12.0,158.0,0.22,18.0,108.0,2.0,0.0,23.0,10.0,39.0,0.69,19.0,18.0,9.0,5.0,174.0,206.0,266.0,81.0,28.0,52.0,0.0
11,Moussa Dembele,Tottenham Hotspur,84,CM,76,75,77,71,70,66,71,67,85,73,77,65,65,55,80,86,80,87,82,76,89,84,89,77,70,82,71,83,70,84,79,77,76,91,0.0,0.0,0.0,0.0,0.0,0.0,0.0,11.0,3.0,0.27,0.0,0.0,0.0,1422.0,50.79,0.0,1.0,1.0,1.0,37.0,6.0,0.0,48.0,0.0,36.0,0.67,4.0,33.0,12.0,7.0,181.0,141.0,136.0,68.0,9.0,16.0,0.0
12,Henrikh Mkhitaryan,Arsenal,84,CAM,86,88,84,78,82,76,73,72,87,81,79,77,83,64,72,81,84,86,89,85,86,81,79,54,53,64,49,53,55,70,69,71,86,63,3.0,0.12,0.0,2.0,1.0,0.0,0.0,36.0,16.0,0.44,0.0,1.0,9.0,980.0,37.69,11.0,84.0,0.2,15.0,22.0,2.0,0.0,23.0,4.0,33.0,0.73,8.0,15.0,5.0,4.0,104.0,109.0,149.0,30.0,19.0,23.0,0.0
13,Dele Alli,Tottenham Hotspur,84,CAM,76,77,76,80,86,83,80,68,77,76,77,68,71,53,76,84,84,82,74,62,85,85,86,64,77,67,60,63,57,78,84,69,89,71,9.0,0.25,0.0,6.0,3.0,0.0,0.0,69.0,17.0,0.25,1.0,8.0,10.0,1251.0,34.75,16.0,18.0,0.17,15.0,39.0,7.0,0.0,43.0,5.0,46.0,0.65,21.0,19.0,18.0,10.0,181.0,202.0,265.0,44.0,30.0,52.0,1.0
14,Ander Herrera,Manchester United,83,CM,73,76,70,72,78,71,69,79,75,69,80,74,80,65,80,85,83,82,84,82,85,85,84,79,60,87,80,79,76,77,86,63,88,70,0.0,0.0,0.0,0.0,0.0,0.0,0.0,12.0,1.0,0.08,0.0,0.0,2.0,1043.0,40.12,2.0,15.0,0.07,4.0,38.0,5.0,0.0,28.0,2.0,56.0,0.52,6.0,34.0,20.0,4.0,104.0,103.0,105.0,10.0,9.0,10.0,0.0
15,Aaron Ramsey,Arsenal,83,CM,68,67,69,75,83,72,74,75,81,79,79,75,70,70,80,84,80,81,76,75,82,81,81,65,58,69,60,70,67,75,73,67,91,69,7.0,0.29,0.0,6.0,1.0,0.0,0.0,56.0,25.0,0.45,2.0,6.0,8.0,1239.0,51.63,9.0,17.0,0.18,10.0,43.0,0.0,0.0,28.0,0.0,35.0,0.77,11.0,24.0,6.0,4.0,128.0,107.0,122.0,29.0,10.0,16.0,0.0
16,Juan Mata,Manchester United,83,RM,67,71,63,76,83,78,70,81,75,71,84,84,84,84,79,86,86,85,85,89,88,84,85,33,59,39,25,31,21,55,54,72,78,43,3.0,0.11,0.0,0.0,3.0,0.0,1.0,28.0,10.0,0.36,2.0,3.0,5.0,1215.0,43.39,6.0,111.0,0.27,4.0,54.0,1.0,0.0,12.0,18.0,18.0,0.72,6.0,15.0,7.0,0.0,109.0,58.0,67.0,17.0,3.0,8.0,1.0
17,Granit Xhaka,Arsenal,82,CM,50,48,51,66,77,49,83,59,88,50,79,66,68,70,86,85,82,71,53,61,80,81,74,71,62,75,71,73,68,78,92,39,78,76,1.0,0.03,0.0,0.0,1.0,0.0,0.0,66.0,17.0,0.26,2.0,0.0,7.0,3116.0,82.0,3.0,102.0,0.28,11.0,188.0,10.0,0.0,57.0,0.0,78.0,0.73,18.0,37.0,64.0,41.0,261.0,184.0,172.0,18.0,49.0,50.0,3.0
18,Idrissa Gueye,Everton,82,CDM,76,78,75,59,67,50,66,54,80,32,69,60,33,43,72,81,70,77,75,82,79,79,80,82,69,87,79,86,85,81,84,85,88,76,2.0,0.06,0.0,2.0,0.0,0.0,0.0,23.0,7.0,0.3,0.0,1.0,1.0,1566.0,47.45,1.0,11.0,0.27,1.0,71.0,6.0,1.0,50.0,1.0,117.0,0.79,6.0,62.0,42.0,13.0,287.0,220.0,172.0,18.0,33.0,33.0,0.0
19,Adam Lallana,Liverpool,82,CM,72,73,71,74,76,77,72,70,72,72,80,74,77,66,77,86,83,84,82,75,86,75,80,65,67,68,60,67,62,72,74,72,84,66,0.0,0.0,0.0,0.0,0.0,0.0,0.0,11.0,0.0,0.0,0.0,2.0,0.0,220.0,18.33,0.0,8.0,0.25,0.0,4.0,1.0,0.0,4.0,1.0,3.0,0.33,6.0,1.0,1.0,0.0,15.0,17.0,27.0,6.0,3.0,4.0,0.0
20,Georginio Wijnaldum,Liverpool,82,CM,81,79,82,75,82,74,71,74,78,73,76,67,76,70,74,83,78,84,82,80,84,82,79,66,72,70,60,69,64,74,64,82,87,71,1.0,0.03,0.0,1.0,0.0,0.0,0.0,38.0,10.0,0.26,1.0,1.0,2.0,1266.0,38.36,1.0,2.0,0.5,2.0,46.0,1.0,0.0,13.0,4.0,34.0,0.68,14.0,25.0,19.0,7.0,173.0,108.0,101.0,42.0,16.0,29.0,0.0
21,Eric Dier,Tottenham Hotspur,81,CDM,73,70,75,63,53,52,72,70,83,52,72,67,54,74,78,77,68,65,56,40,71,80,77,81,83,82,79,82,84,86,90,77,82,88,0.0,0.0,0.0,0.0,0.0,0.0,0.0,32.0,7.0,0.22,1.0,1.0,2.0,2248.0,66.12,3.0,26.0,0.19,2.0,164.0,4.0,0.0,23.0,1.0,61.0,0.7,9.0,48.0,82.0,46.0,170.0,163.0,127.0,13.0,83.0,62.0,2.0
22,Jesse Lingard,Manchester United,81,CAM,84,85,83,77,84,78,80,65,78,64,74,72,77,56,65,78,78,83,85,84,83,82,75,52,64,53,52,50,44,70,73,65,85,61,8.0,0.24,1.0,7.0,0.0,0.0,0.0,56.0,23.0,0.41,3.0,7.0,5.0,932.0,28.24,4.0,46.0,0.17,8.0,19.0,2.0,0.0,34.0,4.0,30.0,0.7,15.0,9.0,10.0,0.0,84.0,99.0,124.0,28.0,5.0,26.0,0.0
23,Jack Wilshere,Arsenal,81,CM,72,75,69,69,80,64,73,65,75,64,80,73,80,72,80,84,83,82,80,85,84,80,80,62,58,61,61,65,65,72,82,67,77,66,1.0,0.05,0.0,0.0,1.0,0.0,0.0,15.0,5.0,0.33,0.0,1.0,3.0,808.0,40.4,4.0,3.0,0.33,9.0,23.0,6.0,0.0,15.0,1.0,15.0,0.67,6.0,8.0,5.0,4.0,101.0,104.0,73.0,45.0,7.0,7.0,0.0
24,Iborra,Leicester City,81,CDM,50,49,51,72,77,70,65,73,81,66,74,53,66,70,81,83,76,70,54,38,81,76,73,80,81,81,79,82,74,83,78,73,79,87,3.0,0.16,2.0,0.0,1.0,0.0,0.0,14.0,4.0,0.29,0.0,0.0,0.0,857.0,45.11,0.0,1.0,0.0,2.0,45.0,0.0,0.0,19.0,2.0,23.0,0.78,1.0,19.0,49.0,30.0,127.0,84.0,89.0,11.0,33.0,34.0,0.0
25,Gylfi Sigurdsson,Everton,81,LM,64,62,66,81,78,79,85,83,82,75,84,86,87,89,78,84,83,79,71,61,84,76,81,56,60,54,55,56,55,72,57,70,85,71,4.0,0.15,0.0,4.0,0.0,0.0,0.0,39.0,12.0,0.31,0.0,2.0,3.0,700.0,25.93,5.0,150.0,0.23,6.0,12.0,2.0,0.0,19.0,1.0,38.0,0.68,14.0,34.0,30.0,8.0,120.0,93.0,133.0,20.0,19.0,39.0,0.0
26,Victor Wanyama,Tottenham Hotspur,81,CDM,64,60,68,65,63,61,60,65,79,60,70,62,62,57,70,78,67,74,71,66,76,82,76,81,73,84,79,86,78,90,90,81,86,93,1.0,0.06,0.0,1.0,0.0,0.0,0.0,12.0,3.0,0.25,0.0,0.0,0.0,617.0,34.28,0.0,2.0,0.0,1.0,37.0,2.0,0.0,13.0,0.0,30.0,0.67,2.0,10.0,20.0,13.0,78.0,74.0,63.0,18.0,18.0,15.0,1.0
27,Manuel Lanzini,West Ham United,81,CAM,82,85,79,72,72,70,74,73,75,61,78,74,76,76,78,80,79,86,88,88,86,73,75,30,56,23,20,36,25,55,47,76,78,45,5.0,0.19,0.0,4.0,1.0,0.0,0.0,44.0,18.0,0.41,0.0,3.0,6.0,1214.0,44.96,6.0,82.0,0.2,6.0,31.0,4.0,0.0,9.0,3.0,20.0,0.55,12.0,30.0,5.0,1.0,165.0,123.0,135.0,65.0,3.0,10.0,1.0
28,Alex Oxlade-Chamberlain,Liverpool,81,RM,88,87,88,72,74,69,76,69,79,58,76,77,70,60,75,79,78,83,84,88,80,75,73,61,39,66,58,68,62,75,72,70,85,72,3.0,0.09,0.0,2.0,1.0,0.0,0.0,47.0,17.0,0.36,1.0,0.0,7.0,836.0,23.89,5.0,86.0,0.24,13.0,60.0,3.0,0.0,17.0,3.0,37.0,0.65,16.0,26.0,13.0,6.0,113.0,118.0,112.0,57.0,15.0,33.0,0.0
29,Joao Mario,West Ham United,81,CAM,75,75,75,69,77,64,72,66,76,69,79,77,74,67,78,83,81,82,81,77,83,73,85,66,55,72,64,70,62,69,60,63,81,68,2.0,0.15,0.0,2.0,0.0,0.0,0.0,16.0,4.0,0.25,0.0,1.0,1.0,442.0,34.0,1.0,50.0,0.22,5.0,10.0,0.0,0.0,14.0,0.0,14.0,0.79,4.0,8.0,3.0,2.0,76.0,58.0,81.0,17.0,7.0,27.0,0.0
30,Jordan Henderson,Liverpool,81,CDM,72,73,71,70,76,67,71,64,75,72,83,81,80,74,83,85,82,76,73,71,80,79,78,75,65,79,73,78,76,80,77,81,91,76,1.0,0.04,0.0,1.0,0.0,0.0,0.0,15.0,3.0,0.2,1.0,1.0,1.0,2085.0,77.22,2.0,25.0,0.2,7.0,152.0,1.0,0.0,26.0,0.0,51.0,0.65,4.0,31.0,20.0,5.0,213.0,98.0,90.0,8.0,28.0,11.0,0.0
31,Abdoulaye Doucoure,Watford,80,CDM,71,67,75,73,73,73,75,45,77,68,73,68,41,42,74,82,77,76,60,70,80,74,70,78,66,82,75,83,75,82,78,71,86,83,7.0,0.19,0.0,5.0,1.0,0.0,0.0,47.0,17.0,0.36,1.0,1.0,3.0,2244.0,60.65,1.0,26.0,0.23,2.0,84.0,10.0,0.0,44.0,2.0,79.0,0.66,10.0,54.0,55.0,26.0,345.0,188.0,203.0,41.0,43.0,52.0,0.0
32,Danny Drinkwater,Chelsea,80,CM,68,67,69,67,74,60,73,53,77,71,76,64,72,69,83,80,79,77,70,78,79,79,77,74,61,76,70,79,76,77,74,56,85,76,1.0,0.08,0.0,1.0,0.0,0.0,0.0,6.0,2.0,0.33,0.0,2.0,0.0,385.0,32.08,0.0,2.0,0.0,3.0,16.0,0.0,0.0,10.0,0.0,15.0,0.67,2.0,8.0,7.0,5.0,37.0,22.0,30.0,3.0,0.0,3.0,0.0
33,Davy Klaassen,Everton,80,CM,71,72,71,78,80,79,77,75,78,82,73,63,62,44,75,82,78,74,67,64,80,79,80,67,74,68,59,74,62,76,76,74,86,72,0.0,0.0,0.0,0.0,0.0,0.0,0.0,2.0,2.0,1.0,0.0,0.0,0.0,99.0,14.14,0.0,3.0,0.0,0.0,3.0,0.0,0.0,5.0,1.0,3.0,0.33,0.0,1.0,1.0,0.0,10.0,7.0,13.0,0.0,3.0,3.0,0.0
34,Tiemoue Bakayoko,Chelsea,80,CDM,74,76,72,48,60,37,50,45,72,36,69,55,50,37,75,78,74,74,66,60,77,75,74,80,71,80,78,84,82,83,85,78,86,81,2.0,0.07,1.0,0.0,1.0,0.0,0.0,40.0,9.0,0.23,1.0,3.0,2.0,1108.0,38.21,1.0,5.0,0.2,0.0,44.0,3.0,1.0,50.0,2.0,64.0,0.64,17.0,37.0,36.0,22.0,169.0,164.0,155.0,36.0,40.0,36.0,2.0
35,Ross Barkley,Chelsea,80,CAM,75,75,75,73,71,69,79,65,80,61,77,65,68,70,78,84,80,82,69,58,86,75,80,55,65,45,56,58,51,75,74,63,68,81,0.0,0.0,0.0,0.0,0.0,0.0,0.0,2.0,1.0,0.5,0.0,1.0,0.0,50.0,25.0,0.0,2.0,0.5,0.0,1.0,0.0,0.0,1.0,0.0,0.0,0.0,1.0,0.0,1.0,1.0,3.0,8.0,8.0,5.0,2.0,2.0,0.0
36,Emre Can,Liverpool,80,CM,71,69,73,68,73,60,75,60,81,61,77,70,68,65,80,81,79,77,73,71,80,78,74,79,70,80,78,81,80,84,83,76,85,84,3.0,0.12,2.0,1.0,0.0,0.0,0.0,27.0,8.0,0.3,1.0,1.0,4.0,1543.0,59.35,5.0,11.0,0.45,11.0,76.0,8.0,0.0,27.0,0.0,67.0,0.81,5.0,28.0,32.0,20.0,196.0,163.0,123.0,24.0,46.0,49.0,0.0
37,Yaya Toure,Manchester City,80,CM,57,54,60,79,75,75,80,89,86,68,79,67,82,86,78,82,83,74,55,55,80,75,83,65,68,57,61,72,68,80,76,61,63,92,0.0,0.0,0.0,0.0,0.0,0.0,0.0,5.0,1.0,0.2,0.0,0.0,2.0,416.0,41.6,1.0,0.0,0.0,3.0,13.0,1.0,0.0,5.0,0.0,2.0,1.0,4.0,5.0,4.0,4.0,9.0,11.0,11.0,4.0,5.0,4.0,0.0
38,Morgan Schneiderlin,Everton,80,CDM,66,65,66,62,65,61,56,56,71,56,74,65,68,61,78,81,70,76,73,71,81,77,83,77,71,82,75,79,77,80,83,70,88,75,0.0,0.0,0.0,0.0,0.0,0.0,0.0,5.0,0.0,0.0,0.0,0.0,0.0,1130.0,37.67,0.0,8.0,0.25,0.0,63.0,5.0,1.0,39.0,0.0,58.0,0.69,2.0,61.0,59.0,25.0,170.0,116.0,121.0,6.0,37.0,37.0,0.0
39,Erik Lamela,Tottenham Hotspur,80,RM,76,78,74,77,79,73,82,75,80,77,80,77,83,79,73,83,81,82,77,71,82,74,75,45,71,43,37,47,39,66,74,64,75,59,2.0,0.08,0.0,0.0,2.0,0.0,0.0,20.0,6.0,0.3,1.0,3.0,2.0,446.0,17.84,4.0,25.0,0.32,5.0,12.0,4.0,0.0,24.0,3.0,23.0,0.57,6.0,7.0,4.0,4.0,49.0,68.0,86.0,23.0,6.0,14.0,0.0
40,James Milner,Liverpool,80,CM,67,69,66,70,72,62,70,83,83,76,82,85,81,77,81,84,79,76,72,73,78,84,86,75,66,75,76,77,79,79,81,64,91,73,0.0,0.0,0.0,0.0,0.0,0.0,0.0,21.0,5.0,0.24,0.0,0.0,3.0,1480.0,46.25,5.0,123.0,0.24,7.0,85.0,3.0,0.0,29.0,0.0,58.0,0.78,8.0,21.0,22.0,8.0,125.0,115.0,95.0,12.0,23.0,18.0,0.0
41,Onyinye Ndidi,Leicester City,80,CDM,74,74,74,62,66,50,71,55,78,66,66,50,58,58,72,74,67,73,70,67,74,78,73,82,76,82,80,84,83,84,85,84,88,81,0.0,0.0,0.0,0.0,0.0,0.0,0.0,41.0,6.0,0.15,2.0,0.0,3.0,1684.0,51.03,0.0,9.0,0.11,7.0,79.0,6.0,2.0,60.0,1.0,138.0,0.64,14.0,50.0,95.0,47.0,296.0,313.0,260.0,33.0,117.0,75.0,0.0
42,Roberto Pereyra,Watford,79,CAM,77,78,77,68,75,63,74,72,67,73,79,78,78,72,76,82,80,81,78,75,83,75,78,65,60,70,64,64,70,68,66,66,77,64,5.0,0.16,0.0,5.0,0.0,0.0,0.0,33.0,13.0,0.39,1.0,2.0,2.0,676.0,21.13,6.0,49.0,0.29,1.0,33.0,3.0,0.0,18.0,2.0,10.0,0.8,11.0,9.0,3.0,1.0,101.0,71.0,116.0,31.0,3.0,17.0,0.0
43,Marouane Fellaini,Manchester United,79,CM,52,50,54,71,81,72,64,64,75,71,70,61,64,46,66,81,72,74,49,52,85,81,78,76,91,76,73,77,66,89,94,66,83,92,4.0,0.25,2.0,2.0,0.0,0.0,0.0,10.0,7.0,0.7,1.0,1.0,0.0,393.0,24.56,0.0,3.0,0.0,0.0,11.0,1.0,0.0,13.0,3.0,15.0,0.53,1.0,14.0,18.0,13.0,46.0,69.0,62.0,5.0,38.0,26.0,0.0
44,Steven Defour,Burnley,79,CM,69,70,68,71,73,67,74,71,76,68,79,76,78,76,78,80,80,77,74,79,79,78,81,74,62,82,73,75,71,76,81,72,83,70,1.0,0.04,0.0,1.0,0.0,0.0,1.0,19.0,7.0,0.37,0.0,0.0,1.0,1016.0,42.33,1.0,35.0,0.29,2.0,68.0,6.0,0.0,13.0,0.0,33.0,0.67,5.0,46.0,18.0,2.0,156.0,58.0,70.0,13.0,5.0,13.0,0.0
45,Grzegorz Krychowiak,West Bromwich Albion,79,CDM,65,61,68,57,52,42,69,78,81,40,71,59,52,62,80,79,71,67,59,52,77,75,83,75,80,76,72,77,71,81,83,74,75,83,0.0,0.0,0.0,0.0,0.0,0.0,0.0,17.0,3.0,0.18,1.0,0.0,2.0,813.0,30.11,4.0,18.0,0.22,6.0,48.0,2.0,0.0,31.0,1.0,40.0,0.63,3.0,45.0,23.0,13.0,125.0,122.0,109.0,19.0,26.0,15.0,0.0
46,Jonjo Shelvey,Newcastle United,78,CM,62,61,63,73,70,67,81,71,85,56,80,73,68,73,85,83,83,73,62,65,76,72,75,61,67,63,55,65,61,78,84,65,78,76,1.0,0.03,0.0,1.0,0.0,0.0,0.0,42.0,9.0,0.21,2.0,1.0,3.0,1382.0,46.07,4.0,79.0,0.32,21.0,157.0,2.0,2.0,23.0,0.0,39.0,0.62,15.0,28.0,28.0,7.0,199.0,90.0,83.0,23.0,20.0,13.0,0.0
47,Andros Townsend,Crystal Palace,78,RM,83,84,82,74,70,72,77,76,82,59,73,78,71,76,67,75,71,80,82,72,79,71,68,33,52,21,39,31,27,70,75,48,85,62,2.0,0.06,0.0,0.0,2.0,0.0,0.0,62.0,14.0,0.23,0.0,2.0,7.0,1023.0,28.42,14.0,176.0,0.26,3.0,33.0,3.0,0.0,10.0,6.0,60.0,0.57,21.0,35.0,21.0,5.0,182.0,193.0,185.0,84.0,4.0,13.0,0.0
48,James McCarthy,Everton,78,CDM,67,68,66,60,63,55,64,60,67,61,74,68,64,64,79,80,72,74,66,71,74,73,75,75,63,78,77,76,75,78,82,66,79,77,0.0,0.0,0.0,0.0,0.0,0.0,0.0,1.0,0.0,0.0,0.0,0.0,0.0,97.0,24.25,0.0,2.0,0.0,0.0,1.0,0.0,0.0,3.0,0.0,9.0,1.0,0.0,5.0,3.0,0.0,20.0,18.0,12.0,3.0,4.0,4.0,1.0
49,Aaron Mooy,Huddersfield Town,78,CM,69,67,70,70,73,69,73,73,71,65,77,73,71,71,79,79,80,75,71,73,78,72,78,66,50,70,61,74,66,77,75,72,80,76,4.0,0.11,0.0,2.0,2.0,1.0,0.0,29.0,7.0,0.24,1.0,0.0,3.0,1902.0,52.83,5.0,185.0,0.2,4.0,102.0,5.0,0.0,26.0,2.0,102.0,0.59,15.0,38.0,48.0,9.0,266.0,166.0,160.0,16.0,33.0,39.0,0.0
50,Jack Cork,Burnley,78,CM,61,63,60,62,70,60,56,58,72,60,75,66,73,58,79,80,77,75,66,72,78,79,80,79,75,80,78,80,76,82,80,74,88,80,2.0,0.05,2.0,0.0,0.0,0.0,0.0,15.0,5.0,0.33,0.0,0.0,1.0,1584.0,41.68,0.0,19.0,0.21,0.0,87.0,7.0,0.0,23.0,1.0,60.0,0.73,5.0,41.0,81.0,38.0,244.0,196.0,198.0,31.0,58.0,78.0,1.0
51,Nacer Chadli,West Bromwich Albion,78,LM,76,74,78,77,77,76,76,76,81,73,75,75,77,78,68,77,76,78,65,54,80,75,79,45,67,43,37,48,44,76,59,71,77,83,1.0,0.2,0.0,1.0,0.0,0.0,1.0,4.0,2.0,0.5,0.0,0.0,0.0,69.0,13.8,0.0,7.0,0.0,0.0,1.0,1.0,0.0,1.0,0.0,1.0,0.0,1.0,0.0,3.0,1.0,15.0,3.0,10.0,1.0,1.0,2.0,0.0
52,Oriol Romeu, Southampton,78,CDM,57,63,52,39,50,25,43,54,60,35,64,37,49,53,71,77,70,64,60,58,72,75,75,77,67,82,73,80,76,85,87,67,84,86,1.0,0.03,0.0,1.0,0.0,0.0,0.0,27.0,4.0,0.15,1.0,1.0,0.0,1843.0,54.21,3.0,6.0,0.17,2.0,89.0,11.0,0.0,53.0,3.0,93.0,0.69,7.0,69.0,72.0,37.0,255.0,241.0,214.0,15.0,97.0,82.0,0.0
53,Joe Allen,Stoke City,78,CM,69,71,68,66,71,70,60,60,67,54,75,74,68,54,73,82,74,80,82,91,77,83,81,71,52,77,68,75,71,73,81,81,90,60,2.0,0.06,0.0,1.0,1.0,0.0,0.0,24.0,4.0,0.17,0.0,1.0,6.0,1358.0,37.72,4.0,37.0,0.3,3.0,44.0,8.0,0.0,49.0,0.0,96.0,0.65,9.0,58.0,54.0,27.0,244.0,225.0,246.0,44.0,36.0,61.0,0.0
54,Eric Maxim Choupo-Moting,Stoke City,78,LM,77,76,78,73,77,75,64,68,77,75,70,69,76,44,70,74,70,82,76,66,81,75,72,36,74,40,26,36,20,74,61,67,77,79,5.0,0.17,1.0,3.0,1.0,0.0,0.0,60.0,20.0,0.33,1.0,4.0,5.0,641.0,21.37,5.0,35.0,0.11,1.0,17.0,3.0,0.0,21.0,14.0,42.0,0.71,15.0,23.0,25.0,11.0,133.0,187.0,217.0,61.0,60.0,74.0,0.0
55,Luka Milivojevic,Crystal Palace,78,CDM,62,61,63,63,66,54,72,85,75,42,73,66,64,78,76,77,72,66,60,58,72,74,73,74,75,77,76,73,68,85,87,64,89,85,10.0,0.28,0.0,10.0,0.0,7.0,1.0,42.0,17.0,0.4,1.0,2.0,1.0,1652.0,45.89,2.0,39.0,0.33,3.0,122.0,8.0,0.0,69.0,1.0,85.0,0.61,11.0,71.0,74.0,27.0,274.0,194.0,197.0,28.0,49.0,45.0,2.0
56,Yohan Cabaye,Crystal Palace,78,CM,63,62,63,73,70,69,76,78,78,73,77,68,77,77,77,81,81,75,70,78,80,82,79,73,67,76,70,75,73,71,82,64,66,69,0.0,0.0,0.0,0.0,0.0,0.0,0.0,38.0,12.0,0.32,2.0,1.0,1.0,1293.0,41.71,5.0,136.0,0.35,6.0,62.0,7.0,0.0,35.0,1.0,70.0,0.63,14.0,79.0,28.0,5.0,183.0,109.0,163.0,10.0,6.0,14.0,1.0
57,Pedro Obiang,West Ham United,77,CDM,68,66,69,59,62,50,64,58,74,60,74,68,56,62,79,77,78,74,71,63,76,69,79,74,70,76,69,78,77,77,71,74,77,79,2.0,0.1,0.0,1.0,1.0,0.0,0.0,13.0,5.0,0.38,1.0,0.0,0.0,757.0,36.05,1.0,8.0,0.38,2.0,49.0,3.0,0.0,27.0,0.0,53.0,0.64,4.0,24.0,19.0,9.0,124.0,121.0,106.0,24.0,20.0,27.0,0.0
58,Mohamed Elneny,Arsenal,77,CDM,57,58,57,61,63,57,67,62,71,39,73,67,69,61,77,79,70,70,67,62,76,75,77,72,57,76,70,75,72,78,74,70,92,73,0.0,0.0,0.0,0.0,0.0,0.0,0.0,8.0,1.0,0.13,0.0,0.0,1.0,837.0,64.38,1.0,8.0,0.0,2.0,23.0,3.0,1.0,4.0,1.0,12.0,0.5,4.0,10.0,12.0,4.0,79.0,27.0,29.0,3.0,6.0,13.0,0.0
59,Aaron Lennon, Burnley,77,RM,85,86,84,64,72,65,57,62,64,68,72,77,63,55,61,76,73,81,91,91,79,74,77,42,28,48,43,42,37,63,57,70,75,59,0.0,0.0,0.0,0.0,0.0,0.0,0.0,14.0,5.0,0.36,1.0,0.0,2.0,468.0,16.14,1.0,38.0,0.18,0.0,8.0,2.0,0.0,21.0,1.0,37.0,0.65,7.0,19.0,16.0,3.0,82.0,81.0,127.0,15.0,12.0,19.0,0.0
60,Davy Propper,Brighton and Hove Albion,77,CM,67,65,68,72,66,65,82,69,82,72,73,58,74,71,71,78,82,75,72,64,82,77,74,64,68,62,60,69,61,75,76,70,89,69,0.0,0.0,0.0,0.0,0.0,0.0,0.0,36.0,5.0,0.14,1.0,3.0,4.0,1387.0,39.63,1.0,12.0,0.25,2.0,114.0,2.0,1.0,41.0,2.0,73.0,0.6,10.0,60.0,68.0,27.0,245.0,166.0,187.0,36.0,47.0,41.0,0.0
61,James Ward-Prowse,Southampton,77,RM,68,69,67,66,64,61,70,80,74,51,84,89,88,83,82,83,82,75,74,79,81,74,79,61,57,65,55,65,62,67,67,68,80,61,3.0,0.1,0.0,3.0,0.0,0.0,1.0,28.0,14.0,0.5,1.0,1.0,3.0,747.0,24.9,8.0,159.0,0.23,0.0,18.0,3.0,0.0,18.0,0.0,23.0,0.7,7.0,8.0,18.0,14.0,98.0,61.0,102.0,5.0,21.0,50.0,0.0
62,Leroy Fer,Swansea City,77,CM,71,70,72,75,75,71,78,72,85,66,72,68,49,44,76,79,73,75,71,51,75,73,72,70,80,70,66,70,69,81,82,91,90,75,1.0,0.05,0.0,0.0,1.0,0.0,0.0,12.0,3.0,0.25,0.0,1.0,1.0,632.0,31.6,1.0,8.0,0.13,3.0,43.0,5.0,0.0,28.0,1.0,44.0,0.73,2.0,12.0,23.0,16.0,76.0,137.0,92.0,26.0,42.0,22.0,2.0
63,Sofiane Boufal,Southampton,77,LW,81,83,80,69,75,68,65,69,71,70,72,69,71,63,66,75,75,85,90,85,86,68,69,36,35,19,44,40,32,43,47,33,67,31,2.0,0.08,0.0,1.0,1.0,0.0,0.0,30.0,6.0,0.2,0.0,1.0,2.0,532.0,20.46,2.0,40.0,0.2,6.0,13.0,1.0,0.0,27.0,2.0,37.0,0.65,14.0,6.0,6.0,2.0,81.0,132.0,137.0,61.0,6.0,13.0,0.0
64,Robbie Brady,Burnley,77,LM,81,83,79,71,72,68,74,72,77,66,76,80,81,79,75,72,76,76,77,78,75,74,73,65,59,66,62,68,71,69,58,75,77,69,1.0,0.07,0.0,1.0,0.0,0.0,0.0,24.0,6.0,0.25,1.0,0.0,2.0,454.0,30.27,3.0,123.0,0.32,4.0,31.0,3.0,0.0,20.0,3.0,32.0,0.66,11.0,7.0,25.0,11.0,74.0,68.0,81.0,16.0,9.0,12.0,0.0
65,Moussa Sissoko,Tottenham Hotspur,77,RM,77,75,78,74,76,72,71,68,85,67,74,75,75,74,74,77,68,75,70,59,77,74,73,72,70,76,69,72,71,85,78,80,87,88,1.0,0.03,0.0,0.0,1.0,0.0,0.0,19.0,8.0,0.42,0.0,3.0,1.0,869.0,26.33,2.0,19.0,0.21,3.0,29.0,3.0,0.0,23.0,3.0,23.0,0.74,5.0,9.0,21.0,16.0,108.0,64.0,70.0,18.0,16.0,17.0,0.0
66,Mario Lemina, Southampton,77,CM,78,78,78,66,68,55,78,68,78,68,76,72,72,68,77,82,74,80,74,75,81,72,74,68,68,71,62,72,66,77,70,51,78,81,1.0,0.04,0.0,1.0,0.0,0.0,0.0,23.0,5.0,0.22,1.0,0.0,1.0,971.0,38.84,1.0,10.0,0.1,6.0,41.0,2.0,0.0,28.0,2.0,55.0,0.73,5.0,36.0,33.0,21.0,139.0,151.0,96.0,55.0,25.0,13.0,1.0
67,Will Hughes,Watford,76,CAM,66,68,65,60,68,63,56,60,58,46,73,64,56,48,73,77,84,78,73,78,80,75,78,65,58,62,67,68,67,65,67,54,74,61,2.0,0.13,0.0,0.0,2.0,0.0,0.0,12.0,4.0,0.33,0.0,0.0,3.0,403.0,26.87,1.0,10.0,0.1,4.0,3.0,0.0,0.0,19.0,1.0,34.0,0.53,1.0,15.0,6.0,2.0,58.0,65.0,68.0,7.0,3.0,14.0,0.0
68,Georges-Kevin Nkoudou,Burnley,76,LM,91,92,91,70,74,67,73,67,72,74,70,74,74,58,62,73,68,79,87,89,74,75,72,35,49,21,35,37,42,62,48,59,71,64,0.0,0.0,0.0,0.0,0.0,0.0,0.0,4.0,0.0,0.0,0.0,0.0,0.0,83.0,9.22,0.0,13.0,0.08,0.0,4.0,1.0,0.0,4.0,0.0,7.0,0.86,1.0,1.0,1.0,1.0,21.0,20.0,32.0,6.0,0.0,1.0,0.0
69,Gareth Barry,West Bromwich Albion,76,CDM,32,30,33,64,58,56,69,72,76,65,77,80,76,73,73,80,74,68,43,60,76,79,81,74,69,77,72,76,73,71,78,66,65,72,1.0,0.04,0.0,0.0,1.0,0.0,0.0,16.0,6.0,0.38,0.0,0.0,1.0,927.0,37.08,2.0,28.0,0.32,3.0,64.0,4.0,0.0,28.0,1.0,35.0,0.54,5.0,14.0,32.0,22.0,148.0,106.0,112.0,10.0,32.0,36.0,0.0
70,Mark Noble,West Ham United,76,CM,46,45,47,66,64,60,68,88,74,68,75,71,71,67,78,76,77,74,65,74,76,73,77,70,62,73,65,74,76,77,83,59,84,72,4.0,0.14,0.0,4.0,0.0,2.0,0.0,15.0,6.0,0.4,0.0,1.0,0.0,1324.0,45.66,2.0,23.0,0.35,8.0,114.0,6.0,0.0,28.0,2.0,61.0,0.59,4.0,47.0,22.0,8.0,222.0,137.0,129.0,20.0,10.0,14.0,0.0
71,Andrew Surman,Bournemouth,76,CM,61,62,60,65,66,63,67,67,68,55,76,68,61,68,77,82,78,72,63,72,76,75,73,63,59,64,61,67,61,71,68,72,79,69,2.0,0.08,0.0,0.0,2.0,0.0,0.0,18.0,6.0,0.33,0.0,0.0,5.0,1177.0,47.08,2.0,21.0,0.19,2.0,66.0,2.0,0.0,9.0,1.0,16.0,0.75,4.0,16.0,49.0,27.0,123.0,75.0,88.0,13.0,35.0,45.0,0.0
72,Matt Ritchie, Newcastle United,76,RM,75,77,74,74,75,72,77,72,76,75,74,79,72,65,70,74,75,76,74,84,75,73,68,51,38,46,56,54,53,68,70,72,80,61,3.0,0.09,0.0,1.0,2.0,0.0,0.0,59.0,16.0,0.27,3.0,1.0,5.0,1046.0,29.89,10.0,190.0,0.22,7.0,48.0,6.0,0.0,37.0,3.0,46.0,0.7,23.0,35.0,53.0,27.0,184.0,131.0,203.0,16.0,33.0,81.0,1.0
73,Matt Phillips,West Bromwich Albion,76,RM,86,87,86,70,71,68,72,61,79,45,68,76,76,48,65,66,70,77,78,71,74,64,67,35,54,28,29,40,34,70,54,54,72,77,2.0,0.07,0.0,2.0,0.0,0.0,0.0,28.0,8.0,0.29,0.0,1.0,2.0,497.0,16.57,4.0,164.0,0.24,0.0,17.0,3.0,0.0,14.0,11.0,27.0,0.59,8.0,24.0,26.0,8.0,114.0,120.0,154.0,45.0,35.0,37.0,0.0
74,Badou Ndiaye,Stoke City,76,CM,85,86,85,74,74,74,73,65,80,65,73,71,79,65,70,75,74,79,82,78,76,74,69,67,59,65,66,72,68,79,77,75,86,77,2.0,0.15,0.0,2.0,0.0,0.0,0.0,19.0,6.0,0.32,0.0,1.0,1.0,337.0,25.92,0.0,4.0,0.25,1.0,20.0,5.0,0.0,24.0,2.0,53.0,0.53,6.0,13.0,17.0,7.0,85.0,101.0,81.0,17.0,10.0,10.0,0.0
75,Marc Albrighton,Leicester City,76,LM,77,78,77,68,71,67,67,60,72,71,74,85,83,73,73,68,74,77,79,81,77,71,72,48,42,56,41,52,45,70,73,62,85,62,2.0,0.06,0.0,2.0,0.0,0.0,0.0,20.0,6.0,0.3,0.0,1.0,7.0,1005.0,29.56,8.0,217.0,0.18,11.0,76.0,5.0,1.0,20.0,2.0,52.0,0.63,11.0,27.0,25.0,11.0,172.0,141.0,152.0,52.0,11.0,15.0,0.0
76,Nathaniel Chalobah,Watford,76,CDM,70,69,70,61,62,55,67,49,75,53,70,58,51,38,79,78,76,74,74,65,76,69,71,73,71,70,72,77,73,74,72,71,74,75,0.0,0.0,0.0,0.0,0.0,0.0,0.0,12.0,4.0,0.33,0.0,1.0,0.0,182.0,30.33,0.0,2.0,0.0,1.0,9.0,1.0,0.0,3.0,1.0,9.0,0.67,2.0,6.0,6.0,6.0,36.0,33.0,20.0,7.0,11.0,5.0,0.0
77,Harry Arter,Bournemouth,76,CM,67,67,67,70,68,68,73,68,76,63,74,62,64,70,77,82,72,73,74,76,75,71,73,67,49,71,63,74,66,77,84,70,77,74,1.0,0.08,0.0,0.0,1.0,0.0,0.0,11.0,1.0,0.09,0.0,0.0,0.0,586.0,45.08,0.0,5.0,0.0,1.0,37.0,4.0,0.0,9.0,0.0,19.0,0.84,6.0,9.0,5.0,0.0,66.0,44.0,39.0,4.0,6.0,2.0,0.0
78,Cheikhou Kouyate,West Ham United,76,CDM,75,72,77,65,72,65,63,52,74,50,61,54,39,47,64,68,63,69,65,58,73,79,72,75,79,78,70,78,75,86,84,78,91,86,2.0,0.06,1.0,0.0,0.0,0.0,0.0,23.0,5.0,0.22,1.0,2.0,3.0,955.0,28.94,0.0,17.0,0.24,5.0,15.0,5.0,0.0,45.0,6.0,71.0,0.69,7.0,32.0,49.0,37.0,188.0,251.0,234.0,20.0,123.0,113.0,0.0
79,Anthony Knockaert,Brighton and Hove Albion,76,RM,75,78,73,72,73,73,72,68,73,61,71,74,75,74,63,71,73,81,91,84,77,72,73,33,59,32,17,40,34,67,80,74,73,59,3.0,0.09,0.0,1.0,2.0,0.0,0.0,46.0,12.0,0.26,2.0,4.0,1.0,984.0,29.82,3.0,98.0,0.18,4.0,43.0,4.0,1.0,22.0,8.0,39.0,0.67,13.0,23.0,13.0,6.0,171.0,139.0,140.0,62.0,16.0,19.0,0.0
80,Tom Cleverley,Watford,76,CM,67,64,70,69,74,64,75,72,74,68,75,74,59,62,77,78,77,75,72,77,77,77,69,58,48,65,47,71,52,65,71,62,75,58,1.0,0.04,0.0,1.0,0.0,0.0,0.0,16.0,3.0,0.19,0.0,1.0,2.0,1137.0,49.43,0.0,82.0,0.23,2.0,57.0,1.0,1.0,33.0,1.0,48.0,0.54,6.0,25.0,19.0,6.0,151.0,103.0,124.0,5.0,24.0,42.0,0.0
81,Alex Iwobi,Arsenal,76,LM,79,81,78,61,68,63,54,56,67,48,69,58,50,40,61,82,75,82,77,76,83,74,70,28,42,24,29,26,23,66,46,50,73,72,3.0,0.12,0.0,2.0,1.0,0.0,0.0,45.0,23.0,0.51,1.0,2.0,5.0,1137.0,43.73,6.0,20.0,0.15,12.0,28.0,1.0,0.0,11.0,1.0,19.0,0.79,11.0,7.0,8.0,4.0,110.0,70.0,84.0,36.0,3.0,14.0,0.0
82,Nathan Redmond,Southampton,76,LM,86,88,85,68,74,69,68,57,71,55,71,72,69,65,63,73,73,80,91,86,78,65,70,24,33,22,18,26,30,52,38,50,72,47,1.0,0.03,1.0,0.0,0.0,0.0,0.0,44.0,15.0,0.34,1.0,1.0,3.0,799.0,25.77,6.0,69.0,0.25,5.0,41.0,3.0,0.0,19.0,4.0,32.0,0.53,13.0,15.0,14.0,6.0,126.0,109.0,120.0,55.0,4.0,15.0,1.0
83,James McArthur,Crystal Palace,76,CM,61,63,60,61,74,58,61,64,65,51,72,66,54,61,74,78,74,71,72,78,77,80,77,72,66,78,70,72,70,79,88,65,86,73,5.0,0.15,0.0,2.0,3.0,0.0,0.0,30.0,11.0,0.37,0.0,1.0,1.0,1070.0,32.42,3.0,11.0,0.18,3.0,37.0,5.0,0.0,45.0,0.0,58.0,0.76,9.0,36.0,37.0,12.0,177.0,151.0,186.0,27.0,39.0,52.0,0.0
84,Etienne Capoue,Watford,76,CDM,58,62,55,70,73,70,69,52,76,67,70,70,61,30,77,77,67,73,48,63,77,78,77,74,70,71,75,75,73,76,65,74,85,77,1.0,0.04,0.0,1.0,0.0,0.0,0.0,23.0,3.0,0.13,1.0,1.0,0.0,875.0,38.04,0.0,4.0,0.25,5.0,62.0,3.0,0.0,21.0,1.0,43.0,0.6,12.0,43.0,35.0,22.0,119.0,114.0,99.0,13.0,42.0,23.0,0.0
85,Steven Davis,Southampton,75,CM,64,65,63,61,66,58,63,62,63,64,75,72,73,69,75,79,75,75,75,76,77,77,84,67,53,67,66,71,67,70,74,80,79,63,3.0,0.13,1.0,1.0,1.0,0.0,0.0,13.0,4.0,0.31,0.0,0.0,0.0,1044.0,45.39,1.0,42.0,0.29,7.0,45.0,0.0,0.0,8.0,3.0,30.0,0.7,4.0,15.0,23.0,12.0,137.0,61.0,75.0,9.0,14.0,26.0,1.0
86,Claudio Yacob,West Bromwich Albion,75,CDM,43,49,38,57,42,55,64,66,63,23,62,34,52,55,72,76,64,65,56,68,72,76,79,75,75,76,74,75,71,73,88,71,71,69,0.0,0.0,0.0,0.0,0.0,0.0,0.0,8.0,1.0,0.13,0.0,0.0,0.0,374.0,23.38,0.0,0.0,0.0,0.0,19.0,5.0,0.0,25.0,0.0,36.0,0.75,1.0,16.0,25.0,12.0,75.0,68.0,72.0,2.0,18.0,28.0,0.0
87,Ramadan Sobhi,Stoke City,75,LM,77,78,76,63,73,61,65,65,65,61,73,71,70,63,67,77,75,79,76,70,80,66,75,46,63,38,45,47,49,68,57,59,72,71,2.0,0.08,0.0,2.0,0.0,0.0,0.0,13.0,6.0,0.46,0.0,0.0,0.0,421.0,17.54,0.0,16.0,0.25,1.0,5.0,2.0,0.0,14.0,3.0,32.0,0.66,3.0,14.0,12.0,7.0,90.0,86.0,96.0,30.0,11.0,17.0,0.0
88,Dale Stephens,Brighton and Hove Albion,75,CM,63,64,63,65,67,63,70,44,67,69,74,70,67,61,76,79,74,70,69,66,72,75,68,72,65,75,71,75,71,76,80,89,84,70,0.0,0.0,0.0,0.0,0.0,0.0,0.0,19.0,2.0,0.11,1.0,0.0,3.0,1757.0,48.81,2.0,0.0,0.0,3.0,148.0,6.0,0.0,50.0,0.0,104.0,0.6,7.0,63.0,67.0,36.0,293.0,167.0,185.0,18.0,28.0,30.0,0.0
89,Christian Atsu,Newcastle United,75,LM,92,94,90,67,72,64,66,73,72,58,67,67,70,55,62,70,70,79,89,92,75,73,64,34,50,35,28,35,34,55,49,68,75,46,2.0,0.07,0.0,0.0,2.0,0.0,0.0,35.0,12.0,0.34,0.0,3.0,2.0,448.0,16.0,5.0,57.0,0.11,1.0,8.0,1.0,0.0,10.0,6.0,17.0,0.94,11.0,13.0,20.0,10.0,107.0,84.0,165.0,28.0,13.0,68.0,0.0
90,Junior Stanislas,Bournemouth,75,RM,80,77,83,69,70,71,69,61,71,51,72,71,71,77,66,74,73,75,79,63,77,68,65,34,43,60,22,27,29,58,36,48,76,58,5.0,0.26,0.0,4.0,1.0,1.0,1.0,45.0,20.0,0.44,1.0,2.0,2.0,489.0,25.74,3.0,71.0,0.2,4.0,9.0,1.0,0.0,6.0,1.0,16.0,0.5,14.0,6.0,11.0,4.0,74.0,48.0,65.0,20.0,10.0,25.0,0.0
91,Jeff Hendrick,Burnley,75,CAM,72,74,70,69,72,67,69,63,74,68,74,70,73,64,76,77,74,75,71,77,75,73,77,70,68,75,68,71,69,76,75,76,81,74,2.0,0.06,0.0,2.0,0.0,0.0,0.0,25.0,6.0,0.24,0.0,2.0,2.0,802.0,23.59,3.0,23.0,0.17,5.0,20.0,1.0,0.0,19.0,16.0,16.0,0.63,10.0,8.0,20.0,8.0,113.0,73.0,132.0,24.0,15.0,58.0,0.0
92,Luciano Narsingh,Swansea City,75,RW,91,91,91,65,73,70,54,58,65,62,67,76,69,59,42,71,72,76,80,77,76,74,71,24,40,20,19,28,22,58,28,34,71,65,1.0,0.06,0.0,0.0,1.0,0.0,0.0,9.0,5.0,0.56,1.0,1.0,0.0,194.0,10.78,2.0,23.0,0.17,0.0,4.0,0.0,0.0,3.0,4.0,7.0,0.71,1.0,3.0,3.0,0.0,32.0,37.0,48.0,17.0,2.0,15.0,0.0
93,Ruben Loftus-Cheek,Crystal Palace,75,LM,73,71,74,61,76,63,60,45,64,31,72,59,47,31,80,81,78,77,72,67,78,58,71,61,58,57,60,67,61,78,72,59,77,82,2.0,0.08,0.0,2.0,0.0,0.0,0.0,32.0,7.0,0.22,1.0,3.0,3.0,723.0,30.13,5.0,12.0,0.25,1.0,24.0,1.0,0.0,17.0,3.0,21.0,0.71,13.0,22.0,26.0,16.0,130.0,188.0,180.0,73.0,32.0,55.0,0.0
94,Harry Winks,Tottenham Hotspur,75,CM,73,77,70,58,64,54,62,51,63,50,75,62,67,60,75,83,78,75,77,73,78,70,73,62,50,61,60,68,61,66,58,54,76,65,0.0,0.0,0.0,0.0,0.0,0.0,0.0,3.0,0.0,0.0,0.0,0.0,1.0,642.0,40.13,1.0,10.0,0.2,4.0,35.0,0.0,0.0,8.0,0.0,15.0,0.8,1.0,11.0,8.0,3.0,53.0,34.0,33.0,8.0,4.0,6.0,0.0
95,James Morrison,West Bromwich Albion,75,CAM,65,66,65,75,74,72,77,69,80,83,74,78,64,60,73,77,73,76,75,77,76,74,74,60,63,59,55,63,65,65,69,51,73,61,1.0,0.25,0.0,1.0,0.0,0.0,0.0,4.0,2.0,0.5,0.0,2.0,0.0,88.0,22.0,0.0,2.0,0.0,0.0,2.0,0.0,0.0,0.0,0.0,2.0,0.5,0.0,1.0,0.0,0.0,11.0,5.0,7.0,2.0,0.0,2.0,0.0
96,Jonathan Hogg,Huddersfield Town,75,CDM,70,73,68,55,58,54,54,41,61,53,65,58,46,41,69,74,63,68,67,72,68,73,70,72,64,74,68,77,75,81,85,66,91,75,0.0,0.0,0.0,0.0,0.0,0.0,0.0,12.0,2.0,0.17,0.0,0.0,0.0,1413.0,47.1,0.0,3.0,0.33,2.0,62.0,8.0,1.0,32.0,0.0,93.0,0.69,4.0,70.0,45.0,19.0,209.0,164.0,145.0,8.0,35.0,30.0,0.0
97,Renato Sanches,Swansea City,75,CM,78,79,78,72,70,65,77,68,85,68,69,60,59,68,70,76,67,77,78,85,77,72,67,69,64,69,72,70,64,81,90,79,86,76,0.0,0.0,0.0,0.0,0.0,0.0,0.0,12.0,0.0,0.0,0.0,0.0,0.0,379.0,31.58,0.0,32.0,0.16,1.0,17.0,1.0,0.0,8.0,0.0,12.0,0.58,3.0,7.0,4.0,2.0,50.0,59.0,72.0,25.0,2.0,13.0,0.0
98,Lewis Cook,Bournemouth,75,CM,72,76,69,57,67,56,60,45,60,49,71,59,66,65,74,77,72,78,77,80,80,71,70,66,48,68,62,72,69,70,79,60,77,63,0.0,0.0,0.0,0.0,0.0,0.0,0.0,18.0,2.0,0.11,0.0,0.0,2.0,1228.0,42.34,0.0,29.0,0.31,5.0,107.0,5.0,0.0,33.0,1.0,67.0,0.52,8.0,35.0,21.0,8.0,198.0,151.0,158.0,50.0,14.0,27.0,1.0
99,Kenedy,Newcastle United,75,LM,81,83,80,67,73,65,66,67,75,55,70,76,75,54,66,69,70,77,84,62,78,69,66,52,66,55,45,52,48,65,42,70,73,70,2.0,0.15,0.0,0.0,2.0,0.0,0.0,23.0,5.0,0.22,3.0,1.0,2.0,351.0,27.0,2.0,38.0,0.29,2.0,8.0,1.0,0.0,15.0,0.0,31.0,0.55,11.0,14.0,9.0,5.0,84.0,69.0,92.0,16.0,2.0,17.0,0.0
100,Daniel Amartey,Leicester City,75,CDM,75,73,77,58,49,46,70,51,76,68,64,60,44,32,71,74,59,70,66,64,71,68,70,75,73,73,74,77,75,84,82,83,87,84,0.0,0.0,0.0,0.0,0.0,0.0,0.0,0.0,0.0,0.0,0.0,0.0,0.0,250.0,31.25,0.0,0.0,0.0,0.0,11.0,0.0,1.0,5.0,0.0,8.0,0.5,0.0,7.0,16.0,9.0,30.0,29.0,21.0,4.0,10.0,7.0,0.0
101,Ibrahim Afellay,Stoke City,75,CAM,72,74,71,70,70,68,69,70,74,72,76,75,80,75,72,78,74,77,74,77,78,72,78,54,46,62,36,67,58,63,59,73,65,62,0.0,0.0,0.0,0.0,0.0,0.0,0.0,0.0,0.0,0.0,0.0,0.0,0.0,81.0,13.5,0.0,0.0,0.0,0.0,4.0,1.0,0.0,1.0,0.0,3.0,1.0,0.0,1.0,1.0,1.0,15.0,4.0,5.0,1.0,0.0,0.0,0.0
102,Demarai Gray,Leicester City,75,LM,89,91,88,68,68,67,72,58,74,54,66,68,70,58,59,66,69,81,90,82,78,69,64,23,31,23,21,23,20,60,41,55,73,62,3.0,0.09,0.0,2.0,0.0,0.0,0.0,36.0,9.0,0.25,1.0,2.0,1.0,557.0,15.91,4.0,86.0,0.21,1.0,26.0,2.0,0.0,7.0,4.0,17.0,0.88,16.0,11.0,11.0,2.0,99.0,90.0,104.0,38.0,5.0,24.0,1.0
103,Merino,Newcastle United,75,CM,61,62,61,64,70,62,67,58,66,58,72,59,68,69,74,78,76,74,64,60,78,70,66,69,75,75,59,74,65,73,73,68,70,74,1.0,0.04,1.0,0.0,0.0,0.0,0.0,16.0,6.0,0.38,1.0,0.0,1.0,812.0,33.83,1.0,3.0,0.0,6.0,41.0,4.0,0.0,30.0,0.0,56.0,0.71,7.0,34.0,23.0,13.0,139.0,151.0,152.0,28.0,39.0,40.0,0.0
104,Ashley Westwood,Burnley,74,CM,65,68,63,54,54,47,57,55,69,48,77,76,71,75,79,78,76,71,73,79,74,76,76,66,53,70,65,70,64,72,70,70,82,68,0.0,0.0,0.0,0.0,0.0,0.0,0.0,8.0,1.0,0.13,0.0,1.0,1.0,599.0,31.53,2.0,13.0,0.23,0.0,64.0,2.0,0.0,13.0,0.0,13.0,0.77,5.0,19.0,16.0,7.0,84.0,34.0,39.0,2.0,10.0,5.0,0.0
105,Jordon Ibe,Bournemouth,74,RM,85,85,85,66,68,64,66,57,77,50,65,66,65,53,58,69,67,80,77,82,77,65,64,41,35,44,38,45,40,67,50,60,73,71,2.0,0.06,0.0,2.0,0.0,0.0,0.0,54.0,17.0,0.31,2.0,1.0,6.0,695.0,21.72,6.0,109.0,0.28,5.0,21.0,1.0,0.0,10.0,2.0,14.0,0.86,21.0,10.0,9.0,4.0,101.0,95.0,141.0,37.0,4.0,15.0,0.0
106,Tom Davies,Everton,74,CM,73,74,73,62,70,64,56,42,70,40,72,66,48,55,74,79,76,76,77,73,77,68,74,59,56,60,55,64,58,75,81,57,83,71,2.0,0.06,0.0,1.0,1.0,0.0,0.0,21.0,3.0,0.14,0.0,1.0,1.0,691.0,20.94,0.0,17.0,0.29,1.0,22.0,7.0,0.0,38.0,3.0,30.0,0.67,8.0,24.0,17.0,10.0,110.0,117.0,162.0,26.0,19.0,36.0,0.0
107,Nathan Dyer,Swansea City,74,RM,83,84,82,71,71,69,74,70,75,52,66,64,58,42,65,73,66,78,85,92,76,66,67,38,32,35,33,45,48,63,69,72,71,55,0.0,0.0,0.0,0.0,0.0,0.0,0.0,10.0,2.0,0.2,1.0,1.0,0.0,512.0,21.33,1.0,33.0,0.15,2.0,5.0,2.0,0.0,17.0,1.0,22.0,0.73,4.0,11.0,2.0,1.0,82.0,70.0,115.0,23.0,5.0,29.0,0.0
108,Mohamed Diame,Newcastle United,74,CM,73,71,75,70,68,64,73,63,85,69,68,63,69,29,69,76,66,75,73,69,75,70,67,74,72,78,65,81,73,81,81,72,81,82,2.0,0.06,0.0,2.0,0.0,0.0,0.0,20.0,6.0,0.3,0.0,0.0,0.0,816.0,26.32,1.0,6.0,0.17,2.0,47.0,3.0,0.0,44.0,0.0,89.0,0.72,6.0,48.0,28.0,22.0,142.0,187.0,203.0,25.0,62.0,57.0,0.0
109,Chris Brunt,West Bromwich Albion,74,RM,59,63,56,72,70,62,79,74,86,70,79,85,86,76,79,78,73,74,65,61,76,74,65,64,61,67,62,66,63,67,69,67,69,66,0.0,0.0,0.0,0.0,0.0,0.0,0.0,25.0,5.0,0.2,0.0,2.0,7.0,882.0,33.92,7.0,139.0,0.37,6.0,92.0,5.0,0.0,15.0,0.0,41.0,0.59,6.0,21.0,40.0,15.0,148.0,77.0,65.0,15.0,16.0,15.0,0.0
110,Ryan Fraser, Bournemouth,74,RM,88,89,88,65,69,68,69,56,60,43,68,72,70,67,54,69,70,77,92,93,71,67,68,42,25,35,53,43,37,55,65,61,75,41,5.0,0.19,0.0,4.0,1.0,0.0,0.0,30.0,12.0,0.4,0.0,0.0,3.0,816.0,31.38,3.0,138.0,0.25,3.0,20.0,0.0,0.0,6.0,1.0,11.0,0.73,10.0,17.0,29.0,12.0,103.0,74.0,75.0,10.0,9.0,26.0,0.0
111,Darren Fletcher,Stoke City,74,CM,44,44,44,66,59,59,73,62,78,62,74,75,73,56,74,78,72,68,54,61,75,80,83,75,80,75,74,74,71,72,80,67,68,72,1.0,0.04,0.0,1.0,0.0,0.0,0.0,11.0,2.0,0.18,0.0,1.0,1.0,1048.0,38.81,2.0,49.0,0.33,6.0,87.0,0.0,0.0,14.0,0.0,47.0,0.55,5.0,26.0,31.0,12.0,133.0,108.0,99.0,15.0,21.0,21.0,1.0
112,Jake Livermore,West Bromwich Albion,74,CM,64,65,64,64,60,60,69,57,72,59,72,65,69,58,74,77,71,72,65,72,75,74,79,71,69,73,70,72,66,79,78,69,84,77,2.0,0.06,0.0,2.0,0.0,0.0,0.0,15.0,4.0,0.27,1.0,1.0,2.0,1103.0,32.44,2.0,16.0,0.19,8.0,65.0,5.0,0.0,42.0,1.0,72.0,0.57,4.0,26.0,28.0,10.0,173.0,128.0,152.0,19.0,23.0,37.0,0.0
113,Scott Arfield,Burnley,73,LM,69,70,68,69,71,70,66,62,71,61,72,74,70,65,70,73,72,74,73,78,73,71,70,63,63,65,62,64,61,74,67,72,82,72,2.0,0.11,0.0,1.0,1.0,0.0,0.0,18.0,7.0,0.39,1.0,1.0,1.0,353.0,19.61,0.0,8.0,0.25,1.0,3.0,3.0,0.0,21.0,1.0,36.0,0.72,8.0,12.0,20.0,9.0,83.0,75.0,101.0,14.0,12.0,31.0,0.0
114,Jason Puncheon,Crystal Palace,73,CM,66,67,66,68,73,66,68,73,70,68,74,74,75,74,74,75,74,74,71,83,74,73,74,61,49,59,65,63,58,68,72,61,72,66,0.0,0.0,0.0,0.0,0.0,0.0,0.0,10.0,2.0,0.2,0.0,2.0,0.0,238.0,23.8,0.0,20.0,0.25,0.0,10.0,5.0,0.0,14.0,0.0,13.0,0.31,5.0,5.0,4.0,1.0,27.0,24.0,41.0,4.0,4.0,8.0,0.0
115,Matty James,Leicester City,73,CM,61,65,57,61,66,59,58,52,72,44,73,70,68,68,75,77,71,71,62,70,76,70,73,68,63,69,67,71,66,71,69,69,74,71,0.0,0.0,0.0,0.0,0.0,0.0,0.0,11.0,2.0,0.18,1.0,1.0,0.0,446.0,34.31,0.0,2.0,0.0,1.0,16.0,2.0,0.0,21.0,0.0,19.0,0.53,5.0,17.0,24.0,9.0,56.0,52.0,53.0,8.0,20.0,15.0,0.0
116,Tom Carroll,Swansea City,73,CM,66,67,65,58,67,57,58,56,59,58,74,60,66,65,76,83,76,70,78,74,75,69,68,52,46,55,53,54,47,51,47,45,74,42,0.0,0.0,0.0,0.0,0.0,0.0,0.0,20.0,3.0,0.15,2.0,0.0,4.0,1444.0,39.03,6.0,129.0,0.32,3.0,80.0,3.0,0.0,23.0,1.0,53.0,0.62,9.0,29.0,15.0,5.0,139.0,94.0,108.0,14.0,11.0,21.0,1.0
117,Tom Ince,Huddersfield Town,73,CAM,78,80,77,69,73,70,71,68,70,44,68,71,75,73,59,67,70,77,85,81,76,68,67,30,40,33,22,35,21,55,38,55,73,52,2.0,0.06,0.0,0.0,2.0,0.0,0.0,70.0,20.0,0.29,2.0,5.0,0.0,685.0,20.76,3.0,59.0,0.25,2.0,17.0,0.0,0.0,22.0,10.0,35.0,0.77,24.0,12.0,11.0,1.0,136.0,114.0,144.0,27.0,17.0,44.0,0.0
118,Charlie Adam,Stoke City,73,CM,43,48,39,74,74,65,79,81,87,76,80,85,85,81,76,76,81,68,55,57,73,66,71,61,70,62,57,63,59,77,90,60,61,81,0.0,0.0,0.0,0.0,0.0,0.0,0.0,10.0,3.0,0.3,1.0,1.0,0.0,246.0,22.36,3.0,30.0,0.27,3.0,23.0,2.0,1.0,8.0,0.0,9.0,0.56,3.0,9.0,9.0,5.0,40.0,36.0,29.0,12.0,7.0,5.0,1.0
119,James McClean,West Bromwich Albion,73,LM,78,76,80,66,72,67,62,65,70,59,69,73,68,66,65,68,69,75,75,73,72,70,71,57,67,51,59,56,59,75,88,68,78,69,1.0,0.03,0.0,0.0,1.0,0.0,0.0,30.0,6.0,0.2,0.0,1.0,0.0,359.0,11.97,0.0,88.0,0.22,0.0,5.0,7.0,0.0,35.0,5.0,40.0,0.7,9.0,19.0,15.0,6.0,91.0,90.0,146.0,23.0,16.0,22.0,0.0
120,Dan Gosling,Bournemouth,73,CM,62,64,60,69,75,66,73,61,71,64,70,68,57,57,71,73,73,70,65,71,73,70,77,68,65,71,66,69,68,72,73,69,78,69,2.0,0.07,0.0,1.0,1.0,0.0,0.0,22.0,8.0,0.36,0.0,1.0,1.0,1062.0,37.93,0.0,6.0,0.5,1.0,39.0,8.0,0.0,38.0,2.0,50.0,0.5,4.0,25.0,25.0,14.0,151.0,147.0,177.0,18.0,54.0,58.0,0.0
121,Wayne Routledge,Swansea City,73,RM,72,71,72,64,71,65,55,63,68,71,70,73,61,28,72,73,72,77,77,87,75,71,69,36,34,39,30,37,46,61,36,71,65,67,0.0,0.0,0.0,0.0,0.0,0.0,0.0,5.0,2.0,0.4,0.0,0.0,0.0,160.0,10.67,0.0,15.0,0.27,0.0,1.0,1.0,0.0,9.0,0.0,10.0,0.5,1.0,2.0,4.0,1.0,28.0,21.0,34.0,6.0,5.0,9.0,0.0
122,Sam Clucas,Swansea City,73,CM,71,68,74,67,64,67,68,65,67,68,72,70,65,67,70,76,72,72,66,63,72,66,69,63,60,67,61,66,57,70,56,70,89,67,3.0,0.1,0.0,1.0,2.0,0.0,0.0,19.0,7.0,0.37,0.0,2.0,1.0,786.0,27.1,1.0,55.0,0.22,2.0,33.0,2.0,0.0,10.0,3.0,34.0,0.56,4.0,29.0,30.0,17.0,110.0,89.0,91.0,5.0,37.0,36.0,0.0
123,Alex Pritchard,Huddersfield Town,73,CAM,73,77,69,69,70,67,69,66,76,63,73,70,75,77,68,73,76,75,76,85,75,64,56,39,42,40,34,40,43,52,67,52,67,39,1.0,0.07,0.0,0.0,1.0,0.0,0.0,20.0,4.0,0.2,0.0,0.0,1.0,344.0,24.57,5.0,48.0,0.27,1.0,12.0,1.0,0.0,5.0,1.0,19.0,0.42,11.0,5.0,8.0,1.0,69.0,58.0,66.0,14.0,2.0,19.0,0.0
124,Solly March,Brighton and Hove Albion,72,LM,85,86,85,67,63,66,71,55,74,54,66,67,70,64,62,67,64,77,82,79,73,59,68,40,40,30,35,50,42,61,49,42,74,61,1.0,0.03,1.0,0.0,0.0,0.0,0.0,28.0,9.0,0.32,2.0,1.0,1.0,637.0,17.69,4.0,102.0,0.16,1.0,36.0,3.0,0.0,29.0,7.0,54.0,0.76,10.0,13.0,29.0,13.0,135.0,143.0,177.0,48.0,19.0,42.0,0.0
125,Bakary Sako,Crystal Palace,72,LM,76,77,76,72,72,68,78,70,77,63,69,79,74,74,63,65,69,71,72,67,69,67,69,39,60,40,37,33,35,76,75,58,70,82,3.0,0.19,0.0,1.0,2.0,0.0,0.0,17.0,6.0,0.35,0.0,2.0,0.0,131.0,8.19,3.0,27.0,0.22,0.0,6.0,0.0,0.0,8.0,4.0,7.0,0.86,5.0,1.0,0.0,0.0,27.0,32.0,49.0,7.0,11.0,16.0,0.0
126,Andy King,Swansea City,72,CM,64,66,62,71,72,70,72,63,72,69,68,61,64,59,69,74,69,70,69,60,73,72,69,70,73,68,69,71,67,71,63,75,71,74,3.0,0.14,0.0,2.0,1.0,0.0,0.0,14.0,5.0,0.36,0.0,0.0,0.0,560.0,25.45,0.0,13.0,0.15,1.0,26.0,2.0,0.0,9.0,1.0,26.0,0.62,5.0,11.0,26.0,11.0,75.0,54.0,40.0,2.0,15.0,14.0,1.0
127,Beram Kayal,Brighton and Hove Albion,72,CM,71,72,70,61,63,54,68,58,72,53,70,65,58,57,72,74,71,73,77,74,71,67,72,67,66,67,64,71,68,80,83,90,89,74,0.0,0.0,0.0,0.0,0.0,0.0,0.0,4.0,1.0,0.25,0.0,0.0,0.0,227.0,11.95,1.0,5.0,0.4,0.0,8.0,2.0,0.0,15.0,1.0,18.0,0.61,1.0,12.0,8.0,2.0,54.0,46.0,54.0,5.0,8.0,8.0,0.0
128,Stephen Ireland,Stoke City,72,CAM,54,57,51,64,74,62,63,66,62,75,70,63,71,60,64,74,76,72,74,78,73,75,74,45,42,54,38,45,48,57,60,60,58,55,0.0,0.0,0.0,0.0,0.0,0.0,0.0,3.0,0.0,0.0,1.0,1.0,0.0,66.0,16.5,0.0,0.0,0.0,1.0,2.0,1.0,0.0,1.0,0.0,3.0,0.33,0.0,1.0,1.0,0.0,2.0,5.0,8.0,1.0,0.0,2.0,0.0
129,Marc Pugh,Bournemouth,72,LM,71,74,69,66,72,68,66,64,67,49,67,69,60,69,59,69,69,74,76,66,74,69,71,39,66,37,30,44,31,67,60,63,77,66,0.0,0.0,0.0,0.0,0.0,0.0,0.0,19.0,5.0,0.26,1.0,1.0,0.0,469.0,23.45,0.0,32.0,0.13,3.0,17.0,2.0,0.0,7.0,2.0,7.0,0.43,4.0,13.0,13.0,7.0,48.0,42.0,65.0,19.0,8.0,16.0,0.0
130,Jacob Murphy,Newcastle United,72,RM,84,82,85,68,68,66,74,68,73,50,68,69,75,66,60,68,71,74,81,77,69,64,65,33,40,16,34,39,40,56,31,51,72,59,1.0,0.04,0.0,1.0,0.0,0.0,0.0,22.0,7.0,0.32,0.0,1.0,1.0,281.0,11.24,3.0,40.0,0.18,0.0,7.0,0.0,0.0,8.0,0.0,13.0,0.77,7.0,6.0,9.0,3.0,82.0,63.0,103.0,34.0,7.0,24.0,0.0
131,Isaac Hayden, Newcastle United,72,CDM,62,59,64,51,51,48,53,49,60,30,61,43,45,38,68,72,65,66,60,61,71,67,62,69,65,68,69,72,69,77,78,70,75,78,1.0,0.04,0.0,1.0,0.0,0.0,0.0,14.0,9.0,0.64,0.0,1.0,0.0,527.0,20.27,0.0,17.0,0.29,0.0,14.0,7.0,0.0,30.0,0.0,40.0,0.57,1.0,23.0,40.0,20.0,69.0,106.0,123.0,6.0,51.0,45.0,0.0
132,Danny Williams,Huddersfield Town,71,CM,75,77,73,69,67,66,68,50,80,68,65,66,54,48,67,71,60,73,74,70,68,73,68,69,69,69,66,71,72,83,86,80,91,78,0.0,0.0,0.0,0.0,0.0,0.0,0.0,12.0,2.0,0.17,0.0,0.0,0.0,414.0,20.7,0.0,8.0,0.25,3.0,18.0,2.0,0.0,17.0,2.0,23.0,0.61,1.0,26.0,26.0,9.0,84.0,58.0,64.0,10.0,9.0,21.0,0.0
133,Edimilson Fernandes,West Ham United,71,CAM,80,78,81,65,65,62,70,55,73,56,67,57,57,51,70,74,69,71,70,56,71,58,63,52,43,42,53,60,55,70,60,59,80,70,0.0,0.0,0.0,0.0,0.0,0.0,0.0,7.0,1.0,0.14,0.0,0.0,1.0,268.0,19.14,0.0,7.0,0.14,0.0,18.0,1.0,0.0,5.0,0.0,17.0,0.53,4.0,16.0,4.0,1.0,49.0,48.0,42.0,10.0,10.0,16.0,0.0
134,Oliver Burke,West Bromwich Albion,70,RM,90,85,94,62,64,67,53,42,70,48,60,63,62,38,55,65,57,71,67,66,69,66,64,36,44,34,36,38,27,69,59,50,62,79,0.0,0.0,0.0,0.0,0.0,0.0,0.0,4.0,0.0,0.0,0.0,1.0,2.0,140.0,9.33,1.0,9.0,0.22,0.0,3.0,0.0,0.0,2.0,0.0,6.0,0.67,2.0,7.0,2.0,1.0,14.0,29.0,38.0,13.0,5.0,7.0,0.0
135,Isaiah Brown,Chelsea,70,CAM,75,74,75,65,64,66,65,60,64,56,65,61,57,53,66,67,68,75,80,71,75,62,64,42,59,41,35,44,40,65,54,75,64,68,0.0,0.0,0.0,0.0,0.0,0.0,0.0,1.0,1.0,1.0,0.0,0.0,0.0,129.0,9.92,1.0,7.0,0.29,0.0,5.0,0.0,0.0,3.0,1.0,3.0,1.0,0.0,1.0,2.0,0.0,17.0,25.0,43.0,6.0,13.0,24.0,0.0
136,Rajiv van La Parra,Huddersfield Town,70,LM,85,85,85,56,65,51,54,63,67,51,60,58,67,57,52,66,58,77,78,75,77,60,66,37,38,34,29,48,36,66,58,56,69,68,3.0,0.09,0.0,3.0,0.0,1.0,0.0,43.0,15.0,0.35,1.0,1.0,0.0,633.0,19.18,1.0,84.0,0.1,3.0,14.0,3.0,1.0,29.0,3.0,41.0,0.71,17.0,21.0,7.0,6.0,152.0,168.0,203.0,68.0,13.0,29.0,1.0
137,Dodi Lukebakio,Watford,70,RM,80,83,78,61,61,58,68,45,66,61,65,67,67,66,63,65,63,77,82,76,74,66,58,19,26,23,12,21,23,43,28,69,58,39,0.0,0.0,0.0,0.0,0.0,0.0,0.0,1.0,0.0,0.0,0.0,0.0,0.0,6.0,6.0,0.0,2.0,0.5,0.0,0.0,0.0,0.0,0.0,0.0,1.0,0.0,0.0,0.0,0.0,0.0,0.0,1.0,0.0,0.0,0.0,0.0,0.0
138,Fousseni Diabate,Leicester City,69,RM,82,84,80,63,67,67,59,59,61,56,58,64,43,38,58,60,56,74,81,76,72,63,51,22,62,20,19,17,14,54,33,54,70,54,0.0,0.0,0.0,0.0,0.0,0.0,0.0,6.0,2.0,0.33,0.0,1.0,1.0,227.0,16.21,0.0,10.0,0.3,1.0,4.0,1.0,0.0,1.0,1.0,9.0,0.67,0.0,8.0,7.0,5.0,33.0,53.0,50.0,16.0,14.0,11.0,0.0
139,Josh Sims,Southampton,68,LM,84,86,82,60,61,62,53,67,64,54,60,60,58,45,58,65,57,72,81,78,68,62,61,29,42,20,26,31,36,53,37,45,60,57,0.0,0.0,0.0,0.0,0.0,0.0,0.0,11.0,5.0,0.45,1.0,0.0,0.0,62.0,10.33,0.0,3.0,0.67,0.0,0.0,0.0,0.0,1.0,2.0,4.0,0.75,4.0,1.0,0.0,0.0,5.0,11.0,19.0,2.0,4.0,4.0,0.0
140,Scott McTominay,Manchester United,68,CM,69,68,70,59,63,55,61,59,67,53,66,66,50,34,65,74,66,63,62,52,68,62,57,63,70,66,60,64,59,75,72,65,73,79,0.0,0.0,0.0,0.0,0.0,0.0,0.0,1.0,0.0,0.0,0.0,0.0,0.0,343.0,26.38,0.0,4.0,0.0,1.0,12.0,2.0,0.0,7.0,0.0,11.0,0.82,0.0,13.0,9.0,8.0,44.0,43.0,38.0,5.0,12.0,10.0,0.0
141,Harvey Barnes,Leicester City,68,LM,75,77,73,65,62,67,67,49,65,50,66,66,59,52,58,69,71,67,70,67,65,60,58,44,41,43,41,47,44,53,47,44,70,48,0.0,0.0,0.0,0.0,0.0,0.0,0.0,1.0,0.0,0.0,0.0,0.0,0.0,6.0,2.0,0.0,1.0,0.0,0.0,0.0,0.0,0.0,1.0,0.0,0.0,0.0,0.0,0.0,0.0,0.0,0.0,1.0,1.0,0.0,1.0,0.0,0.0
142,Ainsley Maitland-Niles,Arsenal,68,RM,86,84,87,54,56,51,56,54,60,44,64,61,51,36,66,70,65,67,79,70,63,62,55,58,38,63,57,61,60,68,58,58,74,70,0.0,0.0,0.0,0.0,0.0,0.0,0.0,5.0,0.0,0.0,1.0,0.0,0.0,536.0,35.73,1.0,20.0,0.25,0.0,22.0,1.0,0.0,10.0,0.0,25.0,0.68,1.0,12.0,22.0,8.0,73.0,56.0,59.0,20.0,6.0,14.0,0.0
143,Emerson Hyndman,Bournemouth,67,CM,69,74,64,59,64,62,51,55,60,59,69,65,62,56,70,74,66,75,90,86,73,55,70,53,52,51,49,57,54,43,46,50,62,31,0.0,0.0,0.0,0.0,0.0,0.0,0.0,0.0,0.0,0.0,0.0,0.0,0.0,24.0,24.0,0.0,0.0,0.0,0.0,2.0,0.0,0.0,0.0,0.0,0.0,0.0,0.0,1.0,0.0,0.0,2.0,0.0,1.0,0.0,0.0,0.0,0.0
144,Philip Billing,Huddersfield Town,67,CDM,65,63,66,64,60,58,72,46,74,62,62,44,61,43,69,70,67,65,58,61,68,64,64,65,68,65,62,68,65,68,61,62,62,74,0.0,0.0,0.0,0.0,0.0,0.0,0.0,7.0,2.0,0.29,0.0,0.0,0.0,371.0,23.19,1.0,12.0,0.17,1.0,16.0,3.0,0.0,14.0,1.0,25.0,0.64,1.0,18.0,13.0,7.0,73.0,60.0,49.0,4.0,25.0,12.0,0.0
145,Hamza Choudhury,Leicester City,67,CDM,71,70,72,44,49,35,38,55,69,42,58,43,45,48,60,70,56,63,70,72,62,60,59,67,64,67,64,69,68,74,77,70,74,73,0.0,0.0,0.0,0.0,0.0,0.0,0.0,2.0,0.0,0.0,0.0,0.0,1.0,164.0,20.5,1.0,1.0,0.0,1.0,12.0,1.0,0.0,5.0,0.0,9.0,0.56,2.0,8.0,4.0,2.0,22.0,14.0,17.0,0.0,0.0,1.0,0.0
146,Sam Field,West Bromwich Albion,66,CM,60,65,56,49,55,41,44,54,68,47,66,52,49,47,76,79,61,63,59,68,64,62,57,57,63,54,53,58,61,64,69,58,75,58,1.0,0.1,0.0,0.0,1.0,0.0,0.0,5.0,1.0,0.2,0.0,0.0,0.0,166.0,16.6,0.0,8.0,0.13,0.0,13.0,3.0,0.0,11.0,0.0,14.0,0.79,4.0,11.0,7.0,6.0,28.0,32.0,38.0,3.0,8.0,9.0,0.0
147,Josh Cullen,West Ham United,65,CM,71,76,67,47,55,42,50,58,52,48,62,51,59,53,64,68,66,68,74,80,67,65,64,54,50,50,52,59,60,66,76,58,75,59,0.0,0.0,0.0,0.0,0.0,0.0,0.0,0.0,0.0,0.0,0.0,0.0,0.0,4.0,2.0,0.0,0.0,0.0,0.0,0.0,0.0,0.0,0.0,0.0,0.0,0.0,0.0,2.0,0.0,0.0,1.0,0.0,1.0,0.0,0.0,0.0,0.0
148,Beni Baningime,Everton,64,CDM,58,56,59,43,39,34,45,48,61,37,60,43,45,47,63,70,63,62,62,70,59,58,61,63,55,63,65,62,64,60,66,63,63,56,0.0,0.0,0.0,0.0,0.0,0.0,0.0,0.0,0.0,0.0,0.0,0.0,0.0,82.0,10.25,0.0,0.0,0.0,0.0,3.0,1.0,0.0,4.0,0.0,6.0,0.33,0.0,2.0,1.0,0.0,9.0,9.0,14.0,1.0,1.0,2.0,0.0
149,Abdelhamid Sabiri,Huddersfield Town,62,CAM,76,74,78,56,56,58,55,53,55,41,51,54,72,64,48,45,50,74,82,63,71,62,64,38,68,28,36,37,39,64,44,72,72,67,0.0,0.0,0.0,0.0,0.0,0.0,0.0,5.0,0.0,0.0,0.0,0.0,1.0,98.0,19.6,0.0,1.0,0.0,0.0,2.0,1.0,0.0,4.0,1.0,5.0,0.8,3.0,1.0,2.0,0.0,8.0,24.0,26.0,1.0,14.0,13.0,0.0
150,Lasse Sorensen,Stoke City,62,CDM,64,63,65,50,47,48,45,56,61,42,61,49,49,45,66,70,59,59,60,57,59,59,56,60,62,55,56,64,64,58,63,61,57,56,0.0,0.0,0.0,0.0,0.0,0.0,0.0,0.0,0.0,0.0,0.0,0.0,1.0,54.0,54.0,1.0,1.0,1.0,0.0,3.0,0.0,0.0,2.0,0.0,2.0,1.0,0.0,0.0,3.0,0.0,3.0,2.0,8.0,0.0,0.0,1.0,0.0
151,Rekeem Harper,West Bromwich Albion,61,CM,59,61,58,48,59,36,50,56,67,48,59,46,42,44,70,69,55,59,52,67,63,55,48,53,54,51,49,56,63,64,64,61,58,67,0.0,0.0,0.0,0.0,0.0,0.0,0.0,0.0,0.0,0.0,0.0,0.0,0.0,5.0,5.0,0.0,0.0,0.0,0.0,1.0,0.0,0.0,0.0,0.0,1.0,1.0,0.0,0.0,0.0,0.0,2.0,1.0,1.0,0.0,0.0,0.0,0.0
